t,send_ms,read_ms,max_err_deg
304605.170594333,1.4680420281365514,1.2064159964211285,15.0
304605.488693458,1.2109579984098673,1.2049999786540866,15.0
304605.523050333,1.1339999618940055,1.1999999987892807,15.0
304605.556512375,1.2034999672323465,1.2681250227615237,14.604743083003951
304605.590853875,1.177790982183069,1.2444170424714684,13.41897233201581
304605.625197041,1.2257499620318413,1.2623330112546682,12.430830039525693
304605.6588445,1.2018749839626253,1.2904160539619625,12.299077733860342
304605.693024625,1.2802500277757645,1.2368750176392496,12.299077733860342
304605.7273705,1.4117080136202276,1.2545830104500055,15.912087912087912
304605.761719166,1.4435839839279652,1.3069999986328185,18.637362637362628
304605.796082416,1.9409169908612967,1.2329579913057387,20.39560439560438
304605.830161875,1.3332910020835698,1.2267500278539956,21.45054945054943
304605.864508291,1.325041987001896,1.2607499957084656,22.241758241758248
304605.898862958,1.3315409887582064,1.2794170179404318,22.769230769230774
304605.933212666,1.4791660360060632,1.2510839733295143,23.20879120879121
304605.967558958,1.3650829787366092,1.284250000026077,23.384615384615387
304606.001914625,1.4378330088220537,1.2296250206418335,23.560439560439562
304606.036259958,1.4240419841371477,1.213708019349724,23.560439560439562
304606.070615708,1.4648339711129665,1.2815410154871643,23.560439560439562
304606.104276875,1.7854580073617399,1.2691669980995357,23.560439560439562
304606.138630458,1.808042055927217,1.2327079894021153,23.560439560439562
304606.172078583,2.532250015065074,1.2634579907171428,23.560439560439562
304606.20602125,1.783750019967556,1.244082988705486,23.560439560439562
304606.24038025,1.4331669663079083,1.2909580254927278,23.560439560439562
304606.273945083,1.5735839842818677,1.2481249868869781,23.560439560439562
304606.308292375,1.3567919959314167,1.240750018041581,23.560439560439562
304606.342654041,1.7617499688640237,1.2514999834820628,23.560439560439562
304606.376589125,2.0179999992251396,1.2392500066198409,23.560439560439562
304606.410334833,2.414375019725412,1.2523329933173954,23.560439560439562
304606.443984041,1.552750007249415,1.2700410443358123,23.560439560439562
304606.479031916,1.3635409995913506,1.0972919990308583,23.560439560439562
304606.513153625,1.3686249731108546,1.2257500202395022,23.560439560439562
304606.547511875,1.6444590291939676,1.2372909695841372,23.560439560439562
304606.581867791,1.682042027823627,1.2352910125628114,23.560439560439562
304606.616230958,1.6952499863691628,1.2575419968925416,23.560439560439562
304606.650596833,1.9250829936936498,1.2605420197360218,23.560439560439562
304606.684826625,1.95854197954759,1.2724580010399222,23.560439560439562
304606.719173291,1.2279170332476497,1.2256669579073787,23.560439560439562
304606.753540916,1.3930000131949782,1.2317500077188015,23.560439560439562
304606.787599875,1.9826250500045717,1.2418749975040555,23.560439560439562
304606.821963833,1.8910840153694153,1.243665989022702,23.560439560439562
304606.85580725,1.8989169620908797,1.2413330259732902,23.560439560439562
304606.890166791,1.9605840207077563,1.305999991018325,23.560439560439562
304606.924530125,1.840875018388033,1.23999995412305,23.560439560439562
304606.958890333,1.8594999564811587,1.259000040590763,23.560439560439562
304606.992702458,1.7839579959399998,1.2767079751938581,23.560439560439562
304607.027068916,1.561167009640485,1.2486249906942248,23.560439560439562
304607.061424958,1.4552079956047237,1.2395830126479268,23.560439560439562
304607.096213208,2.001292014028877,1.2777079828083515,23.560439560439562
304607.129636791,1.4860419905744493,1.2402079883031547,23.560439560439562
304607.163984791,1.3717080000787973,1.234958996064961,23.560439560439562
304607.198336083,1.4830000000074506,1.2231659493409097,23.560439560439562
304607.232686541,1.5559580060653389,1.232457987498492,23.560439560439562
304607.267032916,1.4664159971289337,1.241791993379593,23.560439560439562
304607.301387791,1.6433749697171152,1.2948749936185777,23.560439560439562
304607.335745041,1.5628330293111503,1.2919589644297957,23.560439560439562
304607.370110375,2.762500022072345,1.1061669792979956,23.560439560439562
304607.404443333,1.9145420519635081,1.2887909542769194,23.560439560439562
304607.438789291,3.5220410209149122,1.235709001775831,23.560439560439562
304607.47223525,2.5000410387292504,1.3917919714003801,23.560439560439562
304607.5066035,1.2527910294011235,1.2423339649103582,23.560439560439562
304607.54095475,1.2732920004054904,1.2492079986259341,23.560439560439562
304607.57529975,1.2866670149378479,1.2404160224832594,23.560439560439562
304607.608753083,1.2503340258263052,1.2232500012032688,23.560439560439562
304607.64310125,1.2873329687863588,1.2399170082062483,23.560439560439562
304607.677444708,1.2524169869720936,1.222417049575597,23.560439560439562
304607.711802708,1.2668330455198884,1.2732089962810278,23.560439560439562
304607.746157041,1.256333023775369,1.216208969708532,23.560439560439562
304607.780147458,1.3443749630823731,1.259625016245991,23.560439560439562
304607.81449625,1.2488749925978482,1.2059169821441174,23.560439560439562
304607.848837166,1.1737080058082938,1.2552079861052334,23.560439560439562
304607.883189,2.1407920285128057,1.2153330026194453,23.560439560439562
304607.916575291,1.4055839856155217,1.207958033774048,23.560439560439562
304607.950948541,1.6756249824538827,1.4002500101923943,23.560439560439562
304607.985293583,1.2436669785529375,1.2632079888135195,23.560439560439562
304608.019641208,1.2251249863766134,1.2417910038493574,23.560439560439562
304608.053351833,1.2381669948808849,1.2372079654596746,23.560439560439562
304608.086750833,1.1822919477708638,1.2000420247204602,23.560439560439562
304608.120920833,1.5775419888086617,1.1162920272909105,23.560439560439562
304608.155270458,1.55858404468745,1.2743329862132668,23.560439560439562
304608.189504291,1.4525840524584055,1.2281249510124326,23.560439560439562
304608.2238715,1.600540999788791,1.2397499522194266,23.560439560439562
304608.257931541,1.2062910245731473,1.2048749485984445,23.560439560439562
304608.29203125,1.333167019765824,1.2239579809829593,23.560439560439562
304608.325425375,1.249083026777953,1.2081669992767274,23.560439560439562
304608.359768708,1.214749994687736,1.204666041303426,23.560439560439562
304608.394125916,1.39999995008111,1.211583032272756,23.560439560439562
304608.428472875,1.4215839910320938,1.2520410236902535,23.560439560439562
304608.46203175,1.2346250005066395,1.2156250304542482,23.560439560439562
304608.496377958,1.2429169728420675,1.20825000340119,23.560439560439562
304608.530721375,1.2056659907102585,1.218999968841672,23.560439560439562
304608.565066541,1.2052090023644269,1.2060829903930426,23.560439560439562
304608.598587916,1.3532500015571713,1.257832976989448,23.560439560439562
304608.632935208,1.3467500102706254,1.2685839901678264,23.560439560439562
304608.666511375,1.393917016685009,1.238207973074168,23.560439560439562
304608.700858083,1.4487910084426403,1.2766250292770565,23.560439560439562
304608.735213791,1.4901250251568854,1.2855409877374768,23.560439560439562
304608.769572666,3.974375023972243,1.2135839788243175,23.560439560439562
304608.803951458,1.3692089705727994,1.2261249939911067,23.560439560439562
304608.838298625,1.4010000159032643,1.2242919765412807,23.560439560439562
304608.872642541,1.328666985500604,1.2481249868869781,23.560439560439562
304608.90676775,1.4459170051850379,1.2612499995157123,23.560439560439562
304608.941115291,1.4396249898709357,1.285666017793119,23.560439560439562
304608.975477041,1.6771249938756227,1.2844590237364173,23.560439560439562
304609.009835666,1.6795419505797327,1.2714580516330898,23.560439560439562
304609.043505625,1.6224590362980962,1.3249999610707164,23.560439560439562
304609.077860625,1.6337080160155892,1.2227919651195407,23.560439560439562
304609.112213583,1.3444579672068357,1.1891250032931566,23.560439560439562
304609.1456795,1.2771660112775862,1.5720839728601277,23.560439560439562
304609.180024166,1.1994160013273358,1.2207499821670353,23.560439560439562
304609.214366916,1.178207981865853,1.1980829876847565,23.560439560439562
304609.248707666,1.1884589912369847,1.219791010953486,23.560439560439562
304609.283053833,1.252666988875717,1.2252919841557741,23.560439560439562
304609.316905958,1.7416669870726764,1.2397500104270875,23.560439560439562
304609.351254083,1.2801249977201223,1.214749994687736,23.560439560439562
304609.38559925,1.2051670346409082,1.2069999938830733,23.560439560439562
304609.419956708,1.7559590050950646,1.206790970172733,23.560439560439562
304609.453416041,1.465124951209873,1.2309580342844129,23.560439560439562
304609.487604541,1.8897089757956564,1.2924160109832883,23.560439560439562
304609.521535375,2.159458992537111,1.2616659514606,23.560439560439562
304609.555887875,1.5124579658731818,1.2513340334407985,23.560439560439562
304609.589953458,2.0622910233214498,1.0694589582271874,23.560439560439562
304609.623748291,1.535792020149529,1.2470000074245036,23.560439560439562
304609.658104458,1.599874987732619,1.2407919857650995,23.560439560439562
304609.692460208,1.6164169646799564,1.2716250494122505,23.560439560439562
304609.726762166,1.919457979965955,1.2585840304382145,23.560439560439562
304609.761134458,2.874416997656226,1.2602079659700394,23.560439560439562
304609.7955065,1.5289580333046615,1.2747920118272305,23.560439560439562
304609.829875666,2.0196670084260404,1.2497499701566994,23.560439560439562
304609.864239291,1.7525000148452818,1.2841250281780958,23.560439560439562
304609.898601791,1.843083999119699,1.2360410182736814,23.560439560439562
304609.932088916,1.8324169795960188,1.2712909956462681,23.560439560439562
304609.965960291,2.054666983895004,1.2905829935334623,23.560439560439562
304609.999382416,1.2858329573646188,1.2075420236214995,23.560439560439562
304610.03373775,1.5407089958898723,1.2497080024331808,23.560439560439562
304610.067337666,1.7318330355919898,1.2565840152092278,23.560439560439562
304610.10113825,1.7211249796673656,1.2143750209361315,23.560439560439562
304610.134780416,1.8889160128310323,1.2622089707292616,23.560439560439562
304610.168341,1.970832992810756,1.2662920053116977,23.560439560439562
304610.202723916,1.9722080323845148,1.309167011640966,23.560439560439562
304610.236699291,1.4184999745339155,1.2442920124158263,23.560439560439562
304610.27104275,1.4177080010995269,1.3362919562496245,23.560439560439562
304610.305392625,1.3204999850131571,1.2258750502951443,23.560439560439562
304610.33973825,1.2427500332705677,1.2415829696692526,23.560439560439562
304610.374082125,1.1867909925058484,1.1928750318475068,23.560439560439562
304610.408431791,1.1692079715430737,1.1931249755434692,23.560439560439562
304610.442775791,1.1540839914232492,1.2490410008467734,23.560439560439562
304610.477116916,1.1272500269114971,1.2250830186530948,23.560439560439562
304610.5114615,1.203124993480742,1.2224169913679361,23.560439560439562
304610.545808041,1.164790999609977,1.238625030964613,23.560439560439562
304610.579202458,1.205666980240494,1.188292051665485,23.560439560439562
304610.613561,1.2309169978834689,1.2782079866155982,23.560439560439562
304610.647917583,1.299042021855712,1.2672499869950116,23.560439560439562
304610.682261666,1.2496249983087182,1.20900000911206,23.560439560439562
304610.716610583,1.3748750207014382,1.2635409948416054,23.560439560439562
304610.750964291,1.3009170070290565,1.22954195830971,23.560439560439562
304610.784727708,1.3563329703174531,1.3243330176919699,23.560439560439562
304610.819096791,1.7820419743657112,1.353750005364418,23.560439560439562
304610.853466375,1.8160410108976066,1.2679999927058816,23.560439560439562
304610.88782825,1.8972909892909229,1.2594590079970658,23.560439560439562
304610.922188833,1.9235409563407302,1.2713750475086272,23.560439560439562
304610.956546833,1.8589170067571104,1.2463750317692757,23.560439560439562
304610.990908875,1.9695420050993562,1.2667910195887089,23.560439560439562
304611.025278791,1.9482920179143548,1.2509999796748161,23.560439560439562
304611.059651541,1.740582985803485,1.282416982576251,23.560439560439562
304611.095559125,1.2500419979915023,1.2091249809600413,23.560439560439562
304611.129398,1.2951670214533806,1.1917080264538527,23.560439560439562
304611.163767833,2.432833018247038,1.270374981686473,23.560439560439562
304611.197750333,2.156374976038933,1.273708010558039,23.560439560439562
304611.232116458,2.562624984420836,1.269417000003159,23.560439560439562
304611.266359,1.9687499734573066,1.2397500104270875,23.560439560439562
304611.300135833,1.8984999624080956,1.2810000334866345,23.560439560439562
304611.333691416,1.8831249908544123,1.2556249857880175,23.560439560439562
304611.3680605,1.9501250353641808,1.294707995839417,23.560439560439562
304611.402249375,2.1134590497240424,1.1334579903632402,23.560439560439562
304611.436612166,2.008749986998737,1.2525420170277357,23.560439560439562
304611.470922125,2.0178750273771584,1.2574169668368995,23.560439560439562
304611.505267958,1.3294999953359365,1.2117919977754354,23.560439560439562
304611.539634666,1.7743330099619925,1.2629579869098961,23.560439560439562
304611.573831333,2.1096669952385128,1.264000020455569,23.560439560439562
304611.608202541,1.7356660100631416,1.2684999965131283,23.560439560439562
304611.6425605,1.9453329732641578,1.2819170369766653,23.560439560439562
304611.676715958,2.130333974491805,1.258915988728404,23.560439560439562
304611.711075666,2.019041043240577,1.32695899810642,23.560439560439562
304611.744735,2.018541970755905,1.3355420087464154,23.560439560439562
304611.779095583,2.0726670045405626,1.3015000149607658,23.560439560439562
304611.813464958,1.9229169702157378,1.3242920394986868,23.560439560439562
304611.847497916,2.016125014051795,1.2829589541070163,23.560439560439562
304611.88186275,1.7405410180799663,1.250249973963946,23.560439560439562
304611.916225458,1.861916040070355,1.2484999606385827,23.560439560439562
304611.950590208,1.7604580498300493,1.2434169766493142,23.560439560439562
304611.984762541,1.8615840235725045,1.252707967069,23.560439560439562
304612.018589708,1.8536659772507846,1.251709007192403,23.560439560439562
304612.05295025,1.901332987472415,1.2455419637262821,23.560439560439562
304612.087298083,1.9022500491701066,1.257458992768079,23.560439560439562
304612.121656125,1.8178329919464886,1.2385000009089708,23.560439560439562
304612.155302458,1.9174169865436852,1.267957966774702,23.560439560439562
304612.189326416,1.961833972018212,1.2402909924276173,23.560439560439562
304612.222737208,1.9339999998919666,1.2589580146595836,23.560439560439562
304612.257107625,1.8090829835273325,1.2677920167334378,23.560439560439562
304612.291480416,1.8473330419510603,1.2376669910736382,23.560439560439562
304612.325413833,1.3289170456118882,1.204958010930568,23.560439560439562
304612.359781083,1.3436669833026826,1.241500023752451,23.560439560439562
304612.394122916,1.2109170202165842,1.2515829876065254,23.560439560439562
304612.428360208,1.2826250167563558,1.260792021639645,23.560439560439562
304612.462702708,1.1518750106915832,1.1995419627055526,23.560439560439562
304612.497047458,1.282834040466696,1.225207990501076,23.560439560439562
304612.531392833,1.3287909678183496,1.2238339986652136,23.560439560439562
304612.5657565,1.5193329891189933,1.341833034530282,23.560439560439562
304612.60013825,1.729374984279275,1.2365829898044467,23.560439560439562
304612.633526541,1.7955420189537108,1.2598329922184348,23.560439560439562
304612.667898083,1.9883750355802476,1.2738750083371997,23.560439560439562
304612.701414625,1.7306249937973917,1.2551670079119503,23.560439560439562
304612.73580325,2.028374990914017,1.3024170184507966,23.560439560439562
304612.769432416,1.9456670270301402,1.2656250037252903,23.560439560439562
304612.803149083,1.4935419894754887,1.2566670193336904,23.560439560439562
304612.836699916,1.2623330112546682,1.2430420028977096,23.560439560439562
304612.871041208,1.1573749943636358,1.206125016324222,23.560439560439562
304612.905385083,1.2570840190164745,1.2166249798610806,23.560439560439562
304612.93973125,1.348291989415884,1.3272499782033265,23.560439560439562
304612.9740855,1.3374160043895245,1.2687920243479311,23.560439560439562
304613.008429833,1.3161670067347586,1.2129579554311931,23.560439560439562
304613.042791291,1.6980409855023026,1.2873340165242553,23.560439560439562
304613.076560041,1.8423330038785934,1.303708995692432,23.560439560439562
304613.110919791,1.879999996162951,1.2424999731592834,23.560439560439562
304613.145045583,1.7969170003198087,1.3302500010468066,23.560439560439562
304613.178781791,1.2691249721683562,1.2233330053277314,23.560439560439562
304613.213124958,1.2018330162391067,1.1865840060636401,23.560439560439562
304613.247477375,1.2202920042909682,1.2023330200463533,23.560439560439562
304613.281830583,1.4728750102221966,1.241833029780537,23.560439560439562
304613.315565791,2.0383750088512897,1.2403750442899764,23.560439560439562
304613.349479416,1.655333035159856,1.250959001481533,23.560439560439562
304613.383835291,1.8157499725930393,1.227750035468489,23.560439560439562
304613.418189625,2.010083000641316,1.300541975069791,23.560439560439562
304613.45211625,2.1795000066049397,1.2732920004054904,23.560439560439562
304613.486473958,1.9232499762438238,1.2204169761389494,23.560439560439562
304613.520054541,2.295374986715615,1.262500009033829,23.560439560439562
304613.5537655,2.610292052850127,1.1852499446831644,23.560439560439562
304613.588125625,2.306082984432578,1.260708027984947,23.560439560439562
304613.622490416,1.8852080102078617,1.2441669823601842,23.560439560439562
304613.655890166,1.9790410296991467,1.3157089706510305,23.560439560439562
304613.689304625,1.9633329939097166,1.2610419653356075,23.560439560439562
304613.723058666,2.0049999584443867,1.284959027543664,23.560439560439562
304613.757416333,1.8055419786833227,1.2500000302679837,23.560439560439562
304613.791777166,1.9955830066464841,1.3599999947473407,23.560439560439562
304613.825693291,2.1473329979926348,1.2955840211361647,23.560439560439562
304613.860056666,2.195458044297993,1.2670419528149068,23.560439560439562
304613.89441975,1.9926669774577022,1.309957995545119,23.560439560439562
304613.928784083,2.167458995245397,1.27083295956254,23.560439560439562
304613.962489,2.6352499844506383,1.289582985918969,23.560439560439562
304613.996445791,1.9971659639850259,1.2515840353444219,23.560439560439562
304614.030808875,1.9649169989861548,1.2659580097533762,23.560439560439562
304614.065260375,1.9631669856607914,1.305915997363627,23.560439560439562
304614.098834708,2.0643750322051346,1.267625018954277,23.560439560439562
304614.133208083,2.255125029478222,1.333458989392966,23.560439560439562
304614.167025291,1.8479169812053442,1.2622500071302056,23.560439560439562
304614.201389916,2.1674170275218785,1.2748749577440321,23.560439560439562
304614.235252166,2.240958041511476,1.2670829892158508,23.560439560439562
304614.269634,2.362750004976988,1.203124993480742,23.560439560439562
304614.303475791,2.2258750395849347,1.2435409589670599,23.560439560439562
304614.337630875,2.1703329985029995,1.2845000019297004,23.560439560439562
304614.371849833,2.1681669750250876,1.2434580130502582,23.560439560439562
304614.405568125,2.030082978308201,1.2457920238375664,23.560439560439562
304614.439835833,2.0907909492962062,1.3000000035390258,23.560439560439562
304614.474202916,2.072666015010327,1.2368750176392496,23.560439560439562
304614.508496375,1.2235419708304107,1.1955000227317214,23.560439560439562
304614.54212575,1.1953330249525607,1.2151249684393406,23.560439560439562
304614.576467291,1.179541985038668,1.18320801993832,23.560439560439562
304614.610808791,1.2442080187611282,1.2446669861674309,23.560439560439562
304614.645163833,1.2924160109832883,1.2665840331465006,23.560439560439562
304614.679507625,1.3115410110913217,1.2240420328453183,23.560439560439562
304614.713855666,1.4128749608062208,1.2599159963428974,23.560439560439562
304614.748209583,1.4444579719565809,1.2622919748537242,23.560439560439562
304614.782584083,1.832667039707303,1.2512909597717226,23.560439560439562
304614.816954416,1.6883750213310122,1.3252919889055192,23.560439560439562
304614.851327791,1.8809579778462648,1.3267500326037407,23.62977602108037
304614.885709458,1.8154169665649533,1.22095801634714,25.408432147562582
304614.920064375,1.860832970123738,1.3419580063782632,25.935441370223977
304614.953947458,1.9507919787429273,1.2471250374801457,25.07905138339921
304614.9876575,2.5027079973369837,1.23758299741894,23.560439560439562
304615.022017625,1.9312080112285912,1.3325829640962183,23.560439560439562
304615.056380416,1.878625014796853,1.2513750116340816,23.560439560439562
304615.090082875,2.053084026556462,1.2505409540608525,23.560439560439562
304615.124455208,2.065583015792072,1.2606249656528234,23.560439560439562
304615.158818666,1.8929580110125244,1.2633749865926802,23.560439560439562
304615.192702458,1.8092500395141542,1.300874981097877,23.560439560439562
304615.227083875,2.2214999771676958,1.2914580292999744,23.560439560439562
304615.260543916,1.7979589756578207,1.2737910146825016,23.560439560439562
304615.29409175,1.9455839646980166,1.3103330275043845,23.560439560439562
304615.327644,2.182750031352043,1.2837499962188303,23.560439560439562
304615.36197625,2.0640409784391522,1.2637089821510017,23.560439560439562
304615.396353916,1.96433300152421,1.3643749989569187,23.560439560439562
304615.430196625,2.183249976951629,1.2566249934025109,23.560439560439562
304615.464562541,2.12304200977087,1.3067499967291951,23.560439560439562
304615.497969916,2.1201669587753713,1.2036249972879887,23.560439560439562
304615.531360416,1.3704589800909162,1.2230409774929285,23.560439560439562
304615.565705375,1.307083002757281,1.4490419998764992,23.560439560439562
304615.600065833,1.2022089795209467,1.1832910240627825,23.560439560439562
304615.634420625,1.1832910240627825,1.2108749942854047,23.560439560439562
304615.66876175,1.1985829914920032,1.2291250168345869,23.560439560439562
304615.703104208,1.3477079919539392,1.257041993085295,23.560439560439562
304615.737464041,1.3213750207796693,1.2686250265687704,23.560439560439562
304615.77182075,1.6457500169053674,1.274749985896051,23.560439560439562
304615.806186625,1.8660420319065452,1.314666005782783,23.560439560439562
304615.840580875,1.8983330228365958,1.2649170239455998,23.560439560439562
304615.874715333,1.8893750384449959,1.2567079975269735,23.560439560439562
304615.908461666,1.6744169988669455,1.3123750104568899,23.560439560439562
304615.942826166,2.3515000357292593,1.2597079621627927,23.560439560439562
304615.977206875,2.550042001530528,1.2576250010170043,23.560439560439562
304616.01118,1.819874974898994,1.3467500102706254,23.560439560439562
304616.045548458,2.2791249793954194,1.2801249977201223,23.560439560439562
304616.079912666,1.2797079980373383,1.211583032272756,23.560439560439562
304616.114273583,1.3209169846959412,1.201041042804718,23.560439560439562
304616.148634375,1.7664159531705081,1.2573340209200978,23.560439560439562
304616.1827855,2.0786660024896264,1.2587920064106584,23.560439560439562
304616.21716125,2.0937499939464033,1.2706249835900962,23.560439560439562
304616.251031083,2.124166989233345,1.2902910239063203,23.560439560439562
304616.284483375,2.1351659670472145,1.2678750208579004,23.560439560439562
304616.31885575,2.290208009071648,1.2950000236742198,23.560439560439562
304616.353220958,2.1094580297358334,1.2359999818727374,23.560439560439562
304616.387023416,1.9637909717857838,1.3097919872961938,23.560439560439562
304616.4213845,2.078707970213145,1.2353750062175095,23.560439560439562
304616.455740958,1.61145901074633,1.245124964043498,23.560439560439562
304616.490088625,1.9545420072972775,1.2854580418206751,23.560439560439562
304616.524491833,1.6119579668156803,1.2610420235432684,23.560439560439562
304616.558848625,1.8705829861573875,1.2839999981224537,23.560439560439562
304616.593134458,1.435499987564981,1.2262920499779284,23.560439560439562
304616.626715541,1.9257499952800572,1.2242500088177621,23.560439560439562
304616.660293041,1.281375007238239,1.2381249689497054,23.560439560439562
304616.694649541,1.2612080317921937,1.2252500164322555,23.560439560439562
304616.728993666,1.3401670148596168,1.2576669687405229,23.560439560439562
304616.763348833,1.312499982304871,1.2193750008009374,23.560439560439562
304616.797698125,1.3878750032745302,1.2002079747617245,23.560439560439562
304616.83206425,1.6138330101966858,1.2572089908644557,23.560439560439562
304616.86544825,1.8057080451399088,1.2870419886894524,23.560439560439562
304616.899800625,1.4455830096267164,1.223375031258911,23.560439560439562
304616.93415725,2.1111660171300173,1.293624984100461,23.560439560439562
304616.968519875,1.9909590482711792,1.2666659895330667,23.560439560439562
304617.00288425,2.8009999659843743,1.2818329851143062,23.560439560439562
304617.036736083,1.9942080252803862,1.301333017181605,23.560439560439562
304617.071086416,1.6277909744530916,1.2088750372640789,23.560439560439562
304617.104884166,1.8139589810743928,1.2400830164551735,23.560439560439562
304617.139299666,1.7738749738782644,1.2414160300977528,23.560439560439562
304617.173675875,1.583583012688905,1.218041987158358,23.560439560439562
304617.208117458,1.8666249816305935,1.2586669763550162,23.560439560439562
304617.2415905,1.7410839791409671,1.298041024710983,23.560439560439562
304617.275950708,1.625875011086464,1.2769169989041984,23.560439560439562
304617.30975975,1.4242499601095915,1.2355840299278498,23.560439560439562
304617.344116583,2.236542000900954,1.2195829767733812,23.560439560439562
304617.386276375,1.801125006750226,1.2016670079901814,23.560439560439562
304617.42062825,1.2725829728879035,1.2563749914988875,23.560439560439562
304617.454982375,1.8064159667119384,1.2724170228466392,23.560439560439562
304617.489338583,1.8794159987010062,1.2611669953912497,23.560439560439562
304617.52338725,1.4152919757179916,1.2170409900136292,23.560439560439562
304617.557743041,1.5097500290721655,1.2862079893238842,23.560439560439562
304617.592097541,1.2035410036332905,1.2001249706372619,23.560439560439562
304617.626454583,1.3263750006444752,1.2362080160528421,23.560439560439562
304617.660822916,1.6217919765040278,1.2462500017136335,23.560439560439562
304617.695050916,1.4230000087991357,1.228792010806501,23.560439560439562
304617.728538583,1.4745829976163805,1.2336670188233256,23.560439560439562
304617.762792,1.4916249783709645,1.2166249798610806,23.560439560439562
304617.796676,1.4702080516144633,1.229833986144513,23.560439560439562
304617.831028916,1.2365420116111636,1.2430420028977096,23.560439560439562
304617.865384208,1.243417034856975,1.2097499566152692,23.560439560439562
304617.89972525,1.1826670379377902,1.5192909631878138,23.560439560439562
304617.934066625,1.378290995489806,1.3389590312726796,23.560439560439562
304617.968426458,1.4967090100981295,1.2346250005066395,23.560439560439562
304618.002147125,1.5842500142753124,1.2550830142572522,23.560439560439562
304618.036529708,2.402167010586709,1.2816250091418624,23.560439560439562
304618.070953458,1.7419580253772438,1.2251249863766134,23.560439560439562
304618.1051175,1.5890829963609576,1.2470419751480222,23.560439560439562
304618.139070875,1.7307079979218543,1.3012090348638594,23.560439560439562
304618.173218375,1.2967920047231019,1.2345419963821769,23.560439560439562
304618.207572583,1.4396249898709357,1.4121249550953507,23.560439560439562
304618.242705833,2.2555000032298267,1.2498750002123415,23.560439560439562
304618.2770635,1.8335420172661543,1.271124987397343,23.560439560439562
304618.310928375,1.6615840140730143,1.2470830115489662,23.560439560439562
304618.344715333,2.2308750194497406,1.2279590009711683,23.560439560439562
304618.379080416,1.9524170202203095,1.2959170271642506,23.560439560439562
304618.41262625,2.3495000205002725,1.293000008445233,23.560439560439562
304618.447011083,1.9688750035129488,1.2532920227386057,23.560439560439562
304618.48138025,1.9967080443166196,1.2793339556083083,23.560439560439562
304618.515752583,2.496749977581203,1.282875018659979,23.560439560439562
304618.549394916,2.3626250331290066,1.3156249769963324,23.560439560439562
304618.583763833,1.9242080161347985,1.2859999551437795,23.560439560439562
304618.618129291,1.9793749670498073,1.2736659846268594,23.560439560439562
304618.652483166,1.4857089845463634,1.2421660358086228,23.560439560439562
304618.686741916,1.5970829990692437,1.2446669861674309,23.560439560439562
304618.720378833,1.6862499760463834,1.22637499589473,23.560439560439562
304618.754089083,1.8299170187674463,1.2541249743662775,23.560439560439562
304618.78802225,1.2669999850913882,1.1920420220121741,23.560439560439562
304618.822372208,1.2217090115882456,1.2227909755893052,23.560439560439562
304618.85671425,1.337875030003488,1.2128750095143914,23.560439560439562
304618.891054833,1.1804160312749445,1.2279590009711683,23.560439560439562
304618.92540825,1.546582963783294,1.2719170190393925,23.560439560439562
304618.959766541,1.594708999618888,1.2542500044219196,23.560439560439562
304618.994134,1.6659999964758754,1.2533340486697853,23.560439560439562
304619.028407375,1.8783750128932297,1.2782499543391168,23.560439560439562
304619.06261625,2.1097080316394567,1.289708015974611,23.560439560439562
304619.096898,1.9670419860631227,1.2883330346085131,23.560439560439562
304619.1307445,1.7539169639348984,1.2511250097304583,23.560439560439562
304619.16510625,1.9640829996205866,1.3284999877214432,23.560439560439562
304619.19935325,1.9618330406956375,1.310999970883131,23.560439560439562
304619.233708291,1.4446250279434025,1.2330419849604368,23.560439560439562
304619.267858041,2.0130419870838523,1.2438750127330422,23.560439560439562
304619.302219125,2.1283329697325826,1.2225420214235783,23.560439560439562
304619.336181333,2.072167000733316,1.2252919841557741,23.560439560439562
304619.36993175,2.086459018755704,1.298624963965267,23.560439560439562
304619.404133333,1.82712497189641,1.2189170229248703,23.560439560439562
304619.437722833,2.004791982471943,1.2309580342844129,23.560439560439562
304619.471613083,1.9344169995747507,1.2402919819578528,23.560439560439562
304619.5058945,1.8052079831250012,1.238917000591755,23.560439560439562
304619.539848791,1.2319169472903013,1.2040830333717167,23.560439560439562
304619.574211166,2.424375037662685,1.2320830137468874,23.560439560439562
304619.608560916,1.432333025150001,1.2171249836683273,23.560439560439562
304619.64292175,1.799333025701344,1.2872089864686131,23.560439560439562
304619.67728225,2.0454999757930636,1.2442920124158263,23.560439560439562
304619.711634833,1.5158330206759274,1.2311249738559127,23.560439560439562
304619.745089583,1.572792010847479,1.2273750035092235,23.560439560439562
304619.778868625,1.2418339611031115,1.3755830004811287,23.560439560439562
304619.813229125,1.4858339563943446,1.20749999769032,23.560439560439562
304619.84760225,1.6445419751107693,1.2373750214464962,23.560439560439562
304619.881171125,1.638582965824753,1.2772920308634639,23.560439560439562
304619.915534583,2.177792019210756,1.282458018977195,23.560439560439562
304619.949902958,1.937124994583428,1.2352080084383488,23.560439560439562
304619.983614166,2.253083046525717,1.2593329884111881,23.560439560439562
304620.017965875,1.296917034778744,1.2411249917931855,23.560439560439562
304620.052323333,1.6800829907879233,1.3505840324796736,23.560439560439562
304620.086678208,1.9966659601777792,1.4878750080242753,23.560439560439562
304620.12008975,2.177832997404039,1.2919169967062771,23.560439560439562
304620.153798958,1.9774589454755187,1.2367080198600888,23.560439560439562
304620.188173458,1.945834024809301,1.2781660188920796,23.560439560439562
304620.222214291,2.11687502451241,1.1752080172300339,23.560439560439562
304620.256583833,1.6675840015523136,1.248749962542206,23.560439560439562
304620.290324833,1.49741698987782,1.224457984790206,23.560439560439562
304620.324679375,1.998750027269125,1.2391249765641987,23.560439560439562
304620.358256916,1.8179579637944698,1.266875013243407,23.560439560439562
304620.392178583,1.5128750237636268,1.2366249575279653,23.560439560439562
304620.426549333,2.0709579694084823,1.2162920320406556,23.560439560439562
304620.460553541,1.6498749610036612,1.242209051270038,23.560439560439562
304620.494629583,1.8158340244553983,1.2442910228855908,23.64835164835165
304620.52863525,1.9030410330742598,1.243583974428475,23.912087912087912
304620.562618541,2.09950003772974,1.2385419686324894,24.087912087912088
304620.596983458,2.0535000367090106,1.280625001527369,24.263736263736263
304620.630756458,1.9817499560303986,1.2574580032378435,24.263736263736263
304620.665125958,2.221332979388535,1.2662920053116977,24.263736263736263
304620.6995075,2.386790991295129,1.3258749968372285,24.263736263736263
304620.733888375,2.126124978531152,1.3729160418733954,24.263736263736263
304620.7682655,3.403250011615455,1.2901250156573951,24.263736263736263
304620.802028125,1.3908340479247272,1.2189159751869738,24.263736263736263
304620.836422958,2.5025419890880585,1.2941660243086517,24.263736263736263
304620.870228958,2.305916976183653,1.3003330095671117,24.263736263736263
304620.90372375,1.957374974153936,1.279166026506573,24.263736263736263
304620.938088708,2.0577909890562296,1.265792001504451,24.263736263736263
304620.971837708,2.1220839698798954,1.3177500222809613,24.263736263736263
304621.006253416,2.228541998192668,1.2856250395998359,24.263736263736263
304621.040553958,1.9315410172566772,1.2636249884963036,24.263736263736263
304621.074243541,2.0885830163024366,1.2255419860593975,24.263736263736263
304621.108657958,2.320249972399324,1.3170409947633743,24.263736263736263
304621.142817958,1.943665964063257,1.258959004189819,24.263736263736263
304621.176426625,2.118542033713311,1.243957958649844,24.263736263736263
304621.210609208,1.3881249469704926,1.2188749969936907,24.263736263736263
304621.24495775,1.5034170355647802,1.2658749474212527,24.263736263736263
304621.279329916,1.9955830066464841,1.3150839949958026,24.263736263736263
304621.313478625,2.3935000062920153,1.3504590024240315,24.263736263736263
304621.347845625,2.0609170314855874,1.2390000047162175,24.263736263736263
304621.382214416,2.335290948394686,1.2757500517182052,24.263736263736263
304621.416586208,2.3742910125292838,1.3642499689012766,24.263736263736263
304621.450249625,2.0919169764965773,1.2214169837534428,24.263736263736263
304621.484609208,2.0111670019105077,1.267958024982363,24.263736263736263
304621.518570125,2.0973329665139318,1.30116700893268,24.263736263736263
304621.552023625,2.2814999683760107,1.2621660134755075,24.263736263736263
304621.586403416,1.9955830066464841,1.276541966944933,24.263736263736263
304621.62077,2.4720000219531357,1.2381660053506494,24.263736263736263
304621.654815916,2.4010409833863378,1.2587090022861958,24.263736263736263
304621.6891985,2.06191698089242,1.266458013560623,24.263736263736263
304621.722800958,2.3943749838508666,1.253791037015617,24.263736263736263
304621.757187833,2.054166980087757,1.317957998253405,24.263736263736263
304621.791568916,2.1224580123089254,1.424291986040771,24.263736263736263
304621.825969666,2.6080000097863376,1.3030830305069685,24.263736263736263
304621.860339583,2.5105830281972885,1.265792001504451,24.263736263736263
304621.894704833,2.4354169727303088,1.2829580227844417,24.263736263736263
304621.9290715,2.059666032437235,1.3030419941060245,24.263736263736263
304621.962886041,2.4993750266730785,1.2587090022861958,24.263736263736263
304621.997249125,1.8133330158889294,1.3369169901125133,24.263736263736263
304622.031288,1.9320000428706408,1.2878329725936055,24.263736263736263
304622.065662875,1.988625037483871,1.283041958231479,24.263736263736263
304622.100032916,2.133166999556124,1.2878330308012664,24.263736263736263
304622.134422083,2.158791001420468,1.2808749452233315,24.263736263736263
304622.168272958,2.075082971714437,1.2824999867007136,24.263736263736263
304622.202028666,2.287624985910952,1.2205420061945915,24.263736263736263
304622.236396166,2.375165990088135,1.3481670175679028,24.263736263736263
304622.270762458,1.222084043547511,1.2051249505020678,24.263736263736263
304622.304306458,1.4077500090934336,1.2723749969154596,24.263736263736263
304622.338675875,1.8227500258944929,1.2518339790403843,24.263736263736263
304622.373043875,1.9705829909071326,1.3014589785598218,24.263736263736263
304622.406761208,1.8157499725930393,1.2419589911587536,24.263736263736263
304622.441001208,1.8701670342124999,1.4189580106176436,24.263736263736263
304622.475368041,1.6906249802559614,1.3596670469269156,24.263736263736263
304622.509732208,2.103917009662837,1.2115410063415766,24.263736263736263
304622.543611666,1.8885419704020023,1.2578750029206276,24.263736263736263
304622.577230625,1.9777079578489065,1.2805000296793878,24.263736263736263
304622.611092125,2.05295899650082,1.309540995862335,24.263736263736263
304622.645456166,1.8871249631047249,1.2847500038333237,24.263736263736263
304622.679816541,2.124834049027413,1.2652079458348453,24.263736263736263
304622.713703208,1.8971659592352808,1.2655840255320072,24.263736263736263
304622.747642625,2.0396249601617455,1.259584038052708,24.263736263736263
304622.782003666,1.7848749994300306,1.248750020749867,24.263736263736263
304622.816364583,1.7452500178478658,1.5207079704850912,24.263736263736263
304622.850726291,1.2054170365445316,1.2302499962970614,24.263736263736263
304622.885070875,1.2519159936346114,1.2527090148068964,24.263736263736263
304622.9194295,1.2851670035161078,1.2542500044219196,24.263736263736263
304622.953785541,1.3078750343993306,1.2481669546104968,24.263736263736263
304622.988136125,1.4831250300630927,1.2824999867007136,24.263736263736263
304623.022485833,1.428375020623207,1.257832976989448,24.263736263736263
304623.056844541,1.6272499924525619,1.2961659813299775,24.263736263736263
304623.091249708,1.6632080078125,1.2299169902689755,24.263736263736263
304623.125164041,1.8176250159740448,1.2575419968925416,24.263736263736263
304623.159526958,2.007541013881564,1.2945840135216713,24.263736263736263
304623.193345,1.8489589565433562,1.276291033718735,24.263736263736263
304623.226936375,2.438125025946647,1.2561670155264437,24.263736263736263
304623.261235333,1.8487500492483377,1.3107499689795077,24.263736263736263
304623.295605916,1.8671249854378402,1.293000008445233,24.263736263736263
304623.329531125,1.823499973397702,1.2688330025412142,24.263736263736263
304623.363883958,2.5727920001372695,1.6290000057779253,24.263736263736263
304623.398255291,1.7616249970160425,1.2268749997019768,24.263736263736263
304623.431788,2.1526659838855267,1.236917043570429,24.263736263736263
304623.466161625,1.917000045068562,1.2391249765641987,24.263736263736263
304623.500528958,5.1238329615443945,1.2468750355765224,24.263736263736263
304623.534903541,2.1855420200154185,1.2864170130342245,24.263736263736263
304623.569271166,2.2582089877687395,1.3257079990580678,24.263736263736263
304623.603434958,2.3475420312024653,1.3542499509640038,24.263736263736263
304623.637092958,2.923541993368417,1.3004580396227539,24.263736263736263
304623.67146125,2.2272919886745512,1.273833040613681,24.263736263736263
304623.705834208,2.28433299344033,1.2735420023091137,24.263736263736263
304623.740249666,2.181542047765106,1.2779169483110309,24.263736263736263
304623.773870333,2.1849999902769923,1.3085000100545585,24.263736263736263
304623.808250791,2.5333749945275486,1.272207999136299,24.263736263736263
304623.842623166,2.0174169912934303,1.2576670269481838,24.263736263736263
304623.87698325,2.1717920317314565,1.2707079877145588,24.263736263736263
304623.91114775,2.162249991670251,1.2785840081050992,24.263736263736263
304623.945130625,2.1922500454820693,1.275916991289705,24.263736263736263
304623.978946083,2.227624994702637,1.2783330166712403,24.263736263736263
304624.013313458,2.1582499612122774,1.2714579934254289,24.263736263736263
304624.047701333,2.1767090074718,1.2717909994535148,24.263736263736263
304624.082097875,2.3018750362098217,1.2617079773917794,24.263736263736263
304624.11648225,2.215250045992434,1.254082948435098,24.263736263736263
304624.150842666,2.2002499899826944,1.2699170038104057,24.263736263736263
304624.1852105,2.1657089819200337,1.2678750208579004,24.263736263736263
304624.219229041,2.1706250263378024,1.255290990229696,24.263736263736263
304624.253666458,2.1846250165253878,1.2799999676644802,24.263736263736263
304624.287680166,2.1224169759079814,1.278083014767617,24.263736263736263
304624.322048458,2.1382499835453928,1.2496659765020013,24.263736263736263
304624.355956958,2.1860409760847688,1.2580000329762697,24.263736263736263
304624.390326208,2.147749997675419,1.2570840190164745,24.263736263736263
304624.424712416,2.3447920102626085,1.4418329810723662,24.263736263736263
304624.458106708,1.4218330034054816,1.2356250081211329,24.263736263736263
304624.492458875,1.2684590183198452,1.2002079747617245,24.263736263736263
304624.526817916,1.2440839782357216,1.2467909837141633,24.263736263736263
304624.561173,1.2011250364594162,1.260290970094502,24.263736263736263
304624.595073791,1.2887920020148158,1.2359999818727374,24.263736263736263
304624.629436458,1.3222919660620391,1.2759160017594695,24.263736263736263
304624.663792375,1.3751669903285801,1.297708018682897,24.263736263736263
304624.698179666,1.6770830261521041,1.2552919797599316,24.263736263736263
304624.731971583,1.9663750426843762,1.2549159582704306,24.263736263736263
304624.765984041,1.837707997765392,1.2870419886894524,24.263736263736263
304624.799864916,1.9293339573778212,1.2650410062633455,24.263736263736263
304624.834221166,1.8750830204226077,1.2799589894711971,24.263736263736263
304624.868588333,2.406667044851929,1.3352499809116125,24.263736263736263
304624.902954833,2.2520829807035625,1.2899580178782344,24.263736263736263
304624.936542041,2.3042079992592335,1.2626670068129897,24.263736263736263
304624.970514833,2.400083001703024,1.2475000112317502,24.263736263736263
304625.004877166,2.0511660259217024,1.2557500158436596,24.263736263736263
304625.039288416,1.9261669949628413,1.2611660058610141,24.263736263736263
304625.072671666,1.907540950924158,1.3572500320151448,24.263736263736263
304625.106591375,2.017332997638732,1.2474169488996267,24.263736263736263
304625.140958791,2.0317089511081576,1.251750043593347,24.263736263736263
304625.175321708,1.8834999646060169,1.3094590394757688,24.263736263736263
304625.208990708,2.057041972875595,16.973707999568433,24.263736263736263
304625.243340791,1.2834169901907444,1.210416026879102,24.263736263736263
304625.277700958,1.301624986808747,1.211749971844256,24.263736263736263
304625.312056833,1.5333329793065786,1.2219580239616334,24.263736263736263
304625.346425708,2.1689169807359576,1.2223750236444175,24.263736263736263
304625.380785875,1.6608330188319087,1.232874987181276,24.263736263736263
304625.414816,1.7796250176616013,1.2391670024953783,24.263736263736263
304625.449161625,2.0159169798716903,1.3077500043436885,24.263736263736263
304625.48352825,1.837707997765392,1.2484589824452996,24.263736263736263
304625.517898666,1.8995829741470516,1.245209015905857,24.263736263736263
304625.552237666,1.9694999791681767,1.281667035073042,24.263736263736263
304625.586605958,1.9556250190362334,1.267292012926191,24.263736263736263
304625.620978125,2.206541015766561,1.263874990399927,24.263736263736263
304625.654523791,2.210291975643486,1.2599170440807939,24.263736263736263
304625.68889325,2.312416967470199,1.2732500326819718,24.263736263736263
304625.723134291,2.0924159907735884,1.2608750257641077,24.263736263736263
304625.757146625,2.245957963168621,1.2904999894089997,24.263736263736263
304625.79100375,1.9859159947372973,1.2700420338660479,24.263736263736263
304625.824825666,2.217041968833655,1.4142910367809236,24.263736263736263
304625.85874,2.252582984510809,1.318999973591417,24.263736263736263
304625.892135416,2.3354580043815076,1.25887495232746,24.263736263736263
304625.926507166,2.6138750254176557,1.2620000052265823,24.263736263736263
304625.960066666,2.485541976056993,1.2544170022010803,24.263736263736263
304625.994446041,2.0243750186637044,1.2432080111466348,24.263736263736263
304626.027909,2.227916964329779,1.2800830299966037,24.263736263736263
304626.062281416,2.2885840153321624,1.243041013367474,24.263736263736263
304626.09664925,2.3478330112993717,1.3230839977040887,24.263736263736263
304626.131026166,2.0809590350836515,1.2858330155722797,24.263736263736263
304626.165396166,2.260125009343028,1.2797500239685178,24.263736263736263
304626.199760416,2.1361670223996043,1.2554159620776772,24.263736263736263
304626.234132333,2.1407920285128057,1.2665409594774246,24.263736263736263
304626.275038708,1.3397919829003513,1.1844580294564366,24.263736263736263
304626.309393041,1.2114999699406326,1.22170802205801,24.263736263736263
304626.34376375,2.4397499510087073,1.2511670356616378,24.263736263736263
304626.378140583,2.5927500100806355,1.2699579820036888,24.263736263736263
304626.411758416,2.80083401594311,1.2517079594545066,24.263736263736263
304626.4461275,2.2291250061243773,1.229833986144513,24.263736263736263
304626.479935541,2.0501670078374445,1.2261669617146254,24.263736263736263
304626.513462041,2.5161249795928597,1.2865830212831497,24.263736263736263
304626.547829875,2.510958001948893,1.2667499831877649,24.263736263736263
304626.582199958,2.2400000016205013,1.2658750056289136,24.263736263736263
304626.61595825,2.2021670010872185,1.2587499804794788,24.263736263736263
304626.650329,2.2014579735696316,1.2525420170277357,24.263736263736263
304626.684228125,1.241791993379593,1.188332971651107,24.263736263736263
304626.718593541,1.3435420114547014,1.215083000715822,24.263736263736263
304626.75293975,1.2781659606844187,1.264750026166439,24.263736263736263
304626.787297125,1.2989589595235884,1.2530829990282655,24.263736263736263
304626.821651916,1.3596669887192547,1.2596670421771705,24.263736263736263
304626.856029208,1.56979204621166,1.2207909603603184,24.263736263736263
304626.890401083,2.003874978981912,1.1867500143125653,24.263736263736263
304626.924170875,1.9030420226044953,1.261416997294873,24.263736263736263
304626.958540708,2.3349159746430814,1.2746670399792492,24.263736263736263
304626.992898625,2.0444580004550517,1.2712919851765037,24.263736263736263
304627.026607833,1.9816249841824174,1.2602080241777003,24.263736263736263
304627.060975916,2.3903329856693745,1.2750420137308538,24.263736263736263
304627.095374125,2.005874994210899,1.276708033401519,24.263736263736263
304627.129253375,2.390541019849479,1.3618340017274022,24.263736263736263
304627.163641375,1.5050419606268406,1.269333006348461,24.263736263736263
304627.198001791,1.4812079607509077,1.259292010217905,24.263736263736263
304627.232379125,1.8168329843319952,1.2406670139171183,24.263736263736263
304627.266135416,1.8535000272095203,1.2847500038333237,24.263736263736263
304627.30050625,2.019333012867719,1.2642499641515315,24.263736263736263
304627.33487075,2.3674999829381704,1.2652089935727417,24.263736263736263
304627.368803708,2.2934579756110907,1.3383330078795552,24.263736263736263
304627.403170708,2.3514170316047966,1.272665977012366,24.263736263736263
304627.437344833,2.136582974344492,1.276959024835378,24.263736263736263
304627.470931916,2.199249982368201,1.283082994632423,24.263736263736263
304627.505296458,2.19166703755036,1.2659999774768949,24.263736263736263
304627.539260958,1.9114160095341504,1.3180419919081032,24.263736263736263
304627.573624083,1.966915966477245,1.2292920146137476,24.263736263736263
304627.607306375,2.640208986122161,1.2535830028355122,24.263736263736263
304627.641393625,2.008041017688811,1.2146669905632734,24.263736263736263
304627.675609833,1.8156659789383411,1.2872919905930758,24.263736263736263
304627.709980333,1.225499960128218,1.2149590183980763,24.263736263736263
304627.744345208,1.9716250244528055,1.2471670052036643,24.263736263736263
304627.778725375,2.8310829657129943,1.254167000297457,24.263736263736263
304627.812392833,1.4417089987546206,1.2770830071531236,24.263736263736263
304627.846754416,1.2809159816242754,1.2412500218488276,24.263736263736263
304627.881100125,1.241584017407149,1.2550830142572522,24.263736263736263
304627.915457416,1.3209169846959412,1.2717079953290522,24.263736263736263
304627.949809916,1.4368330012075603,1.3290829956531525,24.263736263736263
304627.9842095,1.6590420273132622,1.2927919742651284,24.263736263736263
304628.018569,1.8778329831548035,1.2372499913908541,24.263736263736263
304628.052927666,1.8852920038625598,1.273708010558039,24.263736263736263
304628.086828833,2.0187089685350657,1.3032910064794123,24.263736263736263
304628.120645291,2.089874993544072,1.2670420110225677,24.263736263736263
304628.155032208,2.0431249868124723,1.2623340007849038,24.263736263736263
304628.188567958,2.023082983214408,1.2485000188462436,24.263736263736263
304628.221955291,2.4451249628327787,1.2472080416046083,24.263736263736263
304628.255736666,2.0767500391229987,1.2814590008929372,24.263736263736263
304628.2896895,2.470957988407463,1.267957966774702,24.263736263736263
304628.323089583,2.2812910028733313,1.259166980162263,24.263736263736263
304628.357460458,2.3068750160746276,1.269709027837962,24.263736263736263
304628.391056958,2.194375032559037,1.3027089880779386,24.263736263736263
304628.425435083,2.1651670103892684,1.2983750202693045,24.263736263736263
304628.459103,2.3299999884329736,1.265375001821667,24.263736263736263
304628.49348475,1.925625023432076,1.218667021021247,24.263736263736263
304628.526925208,1.9932910217903554,1.2533339904621243,24.263736263736263
304628.561282375,2.0133749931119382,1.3177919900044799,24.263736263736263
304628.595124166,2.120583027135581,1.2675419566221535,24.263736263736263
304628.628680166,2.0259160082787275,1.2442920124158263,24.263736263736263
304628.66305975,2.310332958586514,1.2522920151241124,24.263736263736263
304628.697073833,1.9768750062212348,1.2949579977430403,24.263736263736263
304628.731441333,2.2957499604672194,1.328375015873462,24.263736263736263
304628.765104791,1.8684169626794755,1.2837499962188303,24.263736263736263
304628.7992275,2.030832984019071,1.2775000068359077,24.263736263736263
304628.833599333,2.0712079713121057,1.2712920433841646,24.263736263736263
304628.867409125,2.0818330231122673,1.2805419974029064,24.263736263736263
304628.901779666,2.7093749959021807,1.1130000348202884,24.263736263736263
304628.936146041,2.317209029570222,1.2618749751709402,24.439560439560438
304628.970096625,2.525957999750972,1.2654999736696482,24.527472527472526
304629.0037635,2.2242499981075525,1.394958992023021,24.615384615384613
304629.038125458,1.9476250163279474,1.2652080040425062,24.615384615384613
304629.072483375,1.9459170289337635,1.2511659879237413,24.615384615384613
304629.106612416,1.9633750198408961,1.2883750023320317,24.615384615384613
304629.140971625,2.1265000104904175,1.2982079642824829,24.615384615384613
304629.175004875,2.125041966792196,1.3120410148985684,24.615384615384613
304629.209362958,1.8219579942524433,1.316750014666468,24.615384615384613
304629.24374125,2.33708304585889,1.2604169896803796,24.615384615384613
304629.278037625,1.8624580116011202,1.2889589997939765,24.615384615384613
304629.312404416,2.39220802905038,1.2555840075947344,24.615384615384613
304629.346769541,2.050124981906265,1.276958966627717,24.615384615384613
304629.381129583,1.9611659809015691,1.3046670355834067,24.615384615384613
304629.414833666,2.0145829766988754,1.2537090224213898,24.615384615384613
304629.449199375,2.0614999812096357,1.2651669676415622,24.615384615384613
304629.483568958,2.3944160202518106,1.3308749767020345,24.615384615384613
304629.517270916,1.9874999998137355,1.2727919965982437,24.615384615384613
304629.551188666,2.0468340371735394,1.2777079828083515,24.615384615384613
304629.585094333,2.0190830109640956,1.3374590198509395,24.7032967032967
304629.619464833,2.319374994840473,1.3975410256534815,24.879120879120876
304629.653040291,2.327374997548759,1.2542090262286365,25.05494505494505
304629.687419208,2.366666041780263,1.3245419831946492,25.05494505494505
304629.7218045,2.158207993488759,1.2614589650183916,25.05494505494505
304629.756172,2.348999958485365,1.2596670421771705,25.05494505494505
304629.790542125,2.2497919853776693,1.299707975704223,25.05494505494505
304629.82491225,2.3070000461302698,1.3182919938117266,25.05494505494505
304629.859282458,2.1755840280093253,1.2775409850291908,25.05494505494505
304629.893097333,2.1991669782437384,1.3035830343142152,25.05494505494505
304629.927468208,2.5422080070711672,1.2979580205865204,25.05494505494505
304629.961845333,2.6135420193895698,1.2723749969154596,25.05494505494505
304629.995919416,2.2242499981075525,1.311458006966859,25.05494505494505
304630.029563958,2.025833004154265,1.266833976842463,25.05494505494505
304630.06323075,1.9452919950708747,1.2551660183817148,25.05494505494505
304630.096618541,1.8744579865597188,1.3006250374019146,25.05494505494505
304630.130989791,2.315874968189746,1.2905829935334623,25.14285714285714
304630.165353458,2.037958998698741,1.273375004529953,25.14285714285714
304630.198826291,1.2269159778952599,1.1938340030610561,25.14285714285714
304630.233210791,1.279124990105629,1.23291602358222,25.14285714285714
304630.267569,1.307042024563998,1.2487079948186874,25.14285714285714
304630.301926708,1.2501670280471444,1.2984579661861062,25.14285714285714
304630.33628175,1.4762500068172812,1.2515410198830068,25.14285714285714
304630.370634708,1.3775000115856528,1.2568339589051902,25.14285714285714
304630.40500125,1.7141670105047524,1.2350420001894236,25.14285714285714
304630.439215833,1.9189579761587083,1.2533750268630683,25.14285714285714
304630.473028791,1.9215000211261213,1.2890420039184391,25.14285714285714
304630.506618166,2.619749982841313,1.2583750067278743,25.14285714285714
304630.54012875,2.088666020426899,1.246166997589171,25.14285714285714
304630.574490125,2.1147499792277813,1.1758750188164413,25.14285714285714
304630.608871291,1.785959000699222,1.2571249972097576,25.14285714285714
304630.643241333,1.9862079643644392,1.2831250205636024,25.14285714285714
304630.677219458,2.2857500007376075,1.2757920194417238,25.14285714285714
304630.710868958,2.466666977852583,1.2226250255480409,25.14285714285714
304630.744699583,1.8783329869620502,1.2706670095212758,25.14285714285714
304630.77906825,2.123333979398012,1.287124992813915,25.14285714285714
304630.813435208,2.3175000096671283,1.3378329458646476,25.14285714285714
304630.847809791,2.0601670257747173,1.2625419767573476,25.14285714285714
304630.882178458,2.379624987952411,1.2491249945014715,25.14285714285714
304630.916553041,2.0725829526782036,1.251958019565791,25.14285714285714
304630.950921583,2.4550840025767684,1.2587080127559602,25.14285714285714
304630.985285,2.176250040065497,1.2788749882020056,25.14285714285714
304631.019641416,2.8935419977642596,1.249167020432651,25.14285714285714
304631.054021291,2.423917001578957,1.240417012013495,25.14285714285714
304631.087924416,2.245624957140535,1.2754169874824584,25.14285714285714
304631.122291208,2.3697500000707805,1.247250009328127,25.14285714285714
304631.156650583,1.9070830312557518,1.2775419745594263,25.14285714285714
304631.191019416,2.3431670269928873,1.2593749561347067,25.14285714285714
304631.225388375,2.2741249995306134,1.2854580418206751,25.14285714285714
304631.259761916,2.2705409792251885,1.1532920179888606,25.14285714285714
304631.294130958,2.4207920068874955,1.2620000052265823,25.14285714285714
304631.328436666,2.427875006105751,1.2859170092269778,25.14285714285714
304631.362812083,2.000125008635223,1.2568329693749547,25.230769230769226
304631.397176208,2.004624984692782,1.299416006077081,25.318681318681314
304631.431547416,2.1474999957717955,1.2909999932162464,25.582417582417577
304631.465918208,2.5953329750336707,1.2442499864846468,25.84615384615384
304631.500187791,2.0572079811245203,1.2635000166483223,25.934065934065927
304631.534169833,1.5728750149719417,1.2808750034309924,25.934065934065927
304631.568529541,1.5362080303020775,1.2719999649561942,26.021978021978015
304631.602907333,1.7377909971401095,1.2601669877767563,26.109890109890102
304631.637288541,2.189582970459014,1.2619579792954028,26.109890109890102
304631.671251916,1.894166984129697,1.3220830005593598,26.109890109890102
304631.705610041,1.913582964334637,1.31612503901124,26.109890109890102
304631.739966625,1.8360830144956708,1.3075419701635838,26.109890109890102
304631.773479416,1.8493329989723861,1.2604169896803796,26.109890109890102
304631.80692275,2.151041990146041,1.2844160082750022,26.021978021978015
304631.840882291,1.8671250436455011,1.2649169657379389,26.021978021978015
304631.875269708,2.419999975245446,1.3054580194875598,26.021978021978015
304631.9096395,2.403917023912072,1.2763330014422536,26.021978021978015
304631.943187333,2.0436669583432376,1.2317080399952829,26.021978021978015
304631.97660125,1.8854159861803055,1.234999974258244,26.021978021978015
304632.01031225,1.8619580077938735,1.2601249618455768,26.021978021978015
304632.044742708,2.0628750207833946,1.2659589992836118,26.021978021978015
304632.078903458,1.8129170057363808,1.2879580026492476,26.021978021978015
304632.113261791,1.8357079825364053,1.275916991289705,26.021978021978015
304632.147635333,2.1368329762481153,1.2727080029435456,26.021978021978015
304632.181398083,2.203624986577779,1.2772920308634639,26.46245059288538
304632.215764708,2.3239580332301557,1.3159589725546539,26.021978021978015
304632.250112666,2.2414999548345804,1.2528750230558217,26.021978021978015
304632.284483375,1.9713749643415213,1.311458006966859,26.021978021978015
304632.318854,2.1146250073798,1.280625001527369,26.021978021978015
304632.353149875,2.2810829686932266,1.2735420023091137,26.021978021978015
304632.386754416,1.2832910288125277,1.2095000129193068,26.021978021978015
304632.421099416,1.2302499962970614,1.257083029486239,26.021978021978015
304632.455459416,1.3175419881008565,1.2624170049093664,26.021978021978015
304632.489814333,1.39383296482265,1.286707993131131,25.934065934065927
304632.524174916,1.313542015850544,1.2917079729959369,25.934065934065927
304632.558545875,1.5646250103600323,1.2271670275367796,25.934065934065927
304632.592908708,1.619374961592257,1.2558750458993018,25.934065934065927
304632.627193083,1.9071659771725535,1.2949170195497572,25.934065934065927
304632.661564208,1.835124974604696,1.2844169978052378,25.934065934065927
304632.695925916,2.056166995316744,1.2497500283643603,25.934065934065927
304632.730307125,1.9650410395115614,1.2550000101327896,25.934065934065927
304632.764761833,2.124666003510356,1.2949589872732759,25.934065934065927
304632.799121583,1.404666982125491,1.272624998819083,25.934065934065927
304632.833479541,1.2698749778792262,1.2515000416897237,25.934065934065927
304632.86783725,1.2441250146366656,1.2961250031366944,28.109354413702242
304632.902194333,1.2968750088475645,1.252082991413772,26.330698287220027
304632.936550166,1.3983750250190496,1.270499953534454,25.934065934065927
304632.970911416,1.4091249904595315,1.2705840053968132,25.934065934065927
304633.004435208,1.7592499498277903,1.235750038176775,25.934065934065927
304633.038801291,1.8557089497335255,1.2503750040195882,25.934065934065927
304633.0728495,1.7860420048236847,1.2544170022010803,25.934065934065927
304633.106464333,1.7255409620702267,1.2724589905701578,25.934065934065927
304633.140827166,1.7250829841941595,1.2533339904621243,25.934065934065927
304633.175180083,1.9027080270461738,1.3332919916138053,25.934065934065927
304633.209075041,2.0770829869434237,1.3324589817784727,25.934065934065927
304633.243445583,2.209083002526313,1.2613749713636935,25.934065934065927
304633.277810708,1.8489169888198376,1.2666670372709632,25.934065934065927
304633.3121825,2.043500018771738,1.2558330199681222,25.934065934065927
304633.346548708,2.323041029740125,1.2470419751480222,25.934065934065927
304633.380368166,2.0053330226801336,1.2531669926829636,25.934065934065927
304633.414735833,2.2939170012250543,1.3041659840382636,25.934065934065927
304633.449096541,2.1402499987743795,1.2770419707521796,25.934065934065927
304633.482603125,2.032125019468367,1.260666991584003,25.934065934065927
304633.516968708,2.254374965559691,1.2559579918161035,25.934065934065927
304633.55132925,2.151583961676806,1.2707909918390214,25.934065934065927
304633.585690666,2.0078750094398856,1.3059169868938625,25.934065934065927
304633.619082541,2.274208003655076,1.2482089805416763,25.934065934065927
304633.653442083,2.2146670380607247,1.273374946322292,25.934065934065927
304633.686858166,2.0497089717537165,1.2622909853234887,25.934065934065927
304633.720740083,1.982749963644892,1.2735000345855951,25.934065934065927
304633.754337833,2.1614169818349183,1.2625420349650085,25.934065934065927
304633.788480291,2.3531250189989805,1.2471249792724848,25.934065934065927
304633.82249675,2.290208009071648,1.2569170212373137,25.934065934065927
304633.856870125,2.328125003259629,1.2453750241547823,25.934065934065927
304633.891240833,2.0450419979169965,1.2929579825140536,25.934065934065927
304633.92511575,2.139749994967133,1.2855420354753733,25.934065934065927
304633.959347,2.175499976146966,1.279457996133715,25.934065934065927
304633.992845,2.396541996859014,1.260708027984947,25.934065934065927
304634.02678975,1.362707989756018,1.2492919922806323,25.934065934065927
304634.061155958,1.6264579608105123,1.2746670399792492,25.934065934065927
304634.095133583,1.6302919830195606,1.2388330069370568,25.934065934065927
304634.128719458,1.8287909915670753,1.261750003322959,25.934065934065927
304634.162665541,2.377707976847887,1.271250017452985,25.934065934065927
304634.197026916,2.133208035957068,1.3034999719820917,25.934065934065927
304634.230409875,2.1082499879412353,1.2508340296335518,25.934065934065927
304634.2643725,2.3252919781953096,1.2490000226534903,25.934065934065927
304634.297868125,2.865375019609928,1.2719579972326756,25.934065934065927
304634.332224083,1.6292919754050672,1.2633330188691616,25.934065934065927
304634.366585041,1.7040829989127815,1.2710419832728803,25.934065934065927
304634.400957958,1.9695829832926393,1.323707983829081,25.934065934065927
304634.43533575,2.0193340023979545,1.2648749980144203,25.934065934065927
304634.469228416,2.3576669627800584,1.094625040423125,25.934065934065927
304634.503592416,2.6979580288752913,1.2441669823601842,25.934065934065927
304634.5370015,2.100292011164129,1.3603749684989452,25.934065934065927
304634.571372083,2.591333002783358,1.2582080089487135,25.934065934065927
304634.605605541,1.2642500223591924,1.1982920113950968,25.934065934065927
304634.639970625,1.2295409687794745,1.2558340094983578,25.934065934065927
304634.674324125,4.209917038679123,1.246917003300041,25.934065934065927
304634.708667291,1.3274580123834312,1.2262919917702675,25.934065934065927
304634.743011291,1.3650000328198075,1.217624987475574,25.934065934065927
304634.777368958,1.402915979269892,1.2818750110454857,25.934065934065927
304634.811741625,1.5989170060493052,1.2410419876687229,25.934065934065927
304634.84599325,1.9318750128149986,1.2924159527756274,25.934065934065927
304634.880363333,2.020500018261373,1.263541984371841,25.934065934065927
304634.914728208,1.8355000065639615,1.2695839977823198,25.934065934065927
304634.948952583,2.0920829847455025,1.3370420201681554,25.934065934065927
304634.98250525,1.9746670150198042,1.2702500098384917,25.934065934065927
304635.016863291,1.3023329665884376,1.3449590187519789,25.934065934065927
304635.05122325,2.3322500055655837,1.2066659983247519,25.934065934065927
304635.085442791,2.164374978747219,1.227749977260828,25.934065934065927
304635.119806291,1.728000002913177,1.2495419941842556,25.934065934065927
304635.153464125,2.3626249749213457,1.259958022274077,25.934065934065927
304635.1876285,2.4383330019190907,1.2915839906781912,25.934065934065927
304635.222004125,2.3499999660998583,1.216959033627063,25.934065934065927
304635.256386208,2.3131250054575503,1.292208966333419,25.934065934065927
304635.290755875,2.119583950843662,1.2853750376962125,25.934065934065927
304635.325131625,2.1623329957947135,1.2725830310955644,25.934065934065927
304635.358838625,2.0874160109087825,1.2850839993916452,25.934065934065927
304635.393278916,1.9772499799728394,1.2217910261824727,25.934065934065927
304635.426699333,1.1689170496538281,1.2000830029137433,25.934065934065927
304635.461043625,1.3527499977499247,1.2382080312818289,25.934065934065927
304635.495402958,1.6407500370405614,1.2467500055208802,25.934065934065927
304635.5297615,1.6662909765727818,1.2972920085303485,25.934065934065927
304635.564119583,1.762332976795733,1.2269170256331563,25.934065934065927
304635.597847791,1.6553339664824307,1.2548330123536289,25.934065934065927
304635.632208291,1.6979589709080756,1.2370410258881748,25.934065934065927
304635.666563583,1.7184579628519714,1.3943330268375576,25.934065934065927
304635.700730541,1.7265829956158996,2.3862500092945993,25.934065934065927
304635.735088708,1.8479999853298068,1.20900000911206,25.934065934065927
304635.768979916,1.8324579577893019,1.287834020331502,25.934065934065927
304635.803340708,1.7841669614426792,1.2374159996397793,25.934065934065927
304635.837223916,1.7423750250600278,1.2433749507181346,25.934065934065927
304635.871584416,1.792041992302984,1.2480420409701765,25.934065934065927
304635.905248416,1.677999971434474,1.2355420039966702,25.934065934065927
304635.939613916,1.8885000026784837,1.7618749989196658,25.934065934065927
304635.973309333,1.7129579791799188,1.2160000042058527,25.934065934065927
304636.007667625,1.8896249821409583,1.2177919852547348,25.934065934065927
304636.042024,1.64433300960809,1.2481670128181577,25.934065934065927
304636.076377,1.7372079892084002,1.2365829898044467,25.934065934065927
304636.110734416,1.8139579915441573,1.2308330042287707,25.934065934065927
304636.144434416,1.7655830015428364,1.2869170168414712,25.934065934065927
304636.178793708,1.8211660208180547,1.257791998796165,25.934065934065927
304636.213158041,2.127624989952892,1.2933749821968377,25.934065934065927
304636.247516708,1.2670420110225677,1.2251249863766134,25.934065934065927
304636.281885583,1.662124996073544,1.246292027644813,25.934065934065927
304636.316247458,1.7861250089481473,1.224084000568837,25.934065934065927
304636.350605583,1.7302079941146076,1.2460420257411897,25.934065934065927
304636.384006458,1.7564999870955944,1.266458013560623,25.934065934065927
304636.41803875,1.4952089986763895,1.2359580141492188,25.934065934065927
304636.452319541,1.5761250397190452,1.2092089746147394,25.934065934065927
304636.485989208,1.4758329489268363,1.3095830217935145,25.934065934065927
304636.519424666,1.5989580424502492,1.2008339981548488,25.934065934065927
304636.553034625,1.6011249972507358,1.282875018659979,25.934065934065927
304636.587394791,1.9935829914174974,1.2235420290380716,25.934065934065927
304636.621709125,1.545916951727122,1.2238750350661576,25.934065934065927
304636.655545125,1.5267920098267496,1.3080419739708304,25.934065934065927
304636.689904416,1.5284160035662353,1.228459004778415,25.934065934065927
304636.724271041,1.751583011355251,1.3069169945083559,25.934065934065927
304636.758622458,1.2713749893009663,1.2125000357627869,25.934065934065927
304636.792968958,1.2170419795438647,1.2746669817715883,25.934065934065927
304636.827324708,1.2083339970558882,1.2137499870732427,25.934065934065927
304636.861678083,1.1957499664276838,1.2019580462947488,25.934065934065927
304636.896030708,1.2645000242628157,1.273792004212737,25.934065934065927
304636.9303845,1.346083008684218,1.2208750122226775,25.934065934065927
304636.964743166,1.563958008773625,1.2442920124158263,25.934065934065927
304636.999041041,1.725875015836209,1.252666988875717,25.934065934065927
304637.033398958,1.6718339757062495,1.335665991064161,25.934065934065927
304637.066856541,1.9379580044187605,1.2449999921955168,25.934065934065927
304637.101230375,2.045165980234742,1.27633404918015,25.934065934065927
304637.13461225,2.0652920356951654,1.270499953534454,25.934065934065927
304637.168976833,2.247750002425164,1.2690830044448376,25.934065934065927
304637.203072208,1.9132919842377305,1.360249996650964,25.934065934065927
304637.237439375,3.3409169991500676,1.284583006054163,25.934065934065927
304637.271799083,2.098041004501283,1.2708339490927756,25.934065934065927
304637.305314208,1.8880830029956996,1.3361249584704638,25.934065934065927
304637.339155416,2.3753750137984753,1.2829169863834977,25.934065934065927
304637.372654375,1.815625000745058,1.3001670013181865,25.96873792711193
304637.406795083,2.0436669583432376,1.273375004529953,26.71014337225273
304637.440536958,2.039542014244944,1.2633749865926802,27.710109836452602
304637.474905125,1.8634999869391322,1.3039580080658197,28.710076300652474
304637.509277708,2.142291981726885,1.2719999649561942,29.710042764852346
304637.543470541,2.200749993789941,1.2637500185519457,30.71000922905222
304637.57784725,1.855042006354779,1.260416000150144,31.70997569325209
304637.611760333,2.506999997422099,1.2643749942071736,32.70994215745196
304637.646131708,1.94658397231251,1.251333043910563,33.106599577180674
304637.679563458,2.317875041626394,1.2600409681908786,33.089131449605134
304637.713935625,1.9448750535957515,1.231374975759536,32.14084365341694
304637.748314666,2.127833024132997,1.2273749453015625,31.140843653416937
304637.782673166,1.8319590017199516,1.2638330226764083,30.140843653416937
304637.8170365,1.4513750211335719,1.243791019078344,29.140843653416937
304637.851400916,1.265041995793581,1.2507500359788537,28.140843653416937
304637.8857575,1.2879170244559646,1.2514169793576002,27.140843653416937
304637.919289125,1.2359169777482748,1.2293329928070307,26.140843653416937
304637.953652041,1.3234579819254577,1.2769169989041984,25.140843653416937
304637.987995458,1.3082920340821147,1.3130419538356364,24.140843653416937
304638.022397083,1.6555000329390168,1.3192080077715218,23.140843653416937
304638.05675075,1.4147080364637077,1.2291669845581055,22.4166420737466
304638.091124,1.8659160123206675,1.280291995499283,21.864814506782324
304638.125475916,1.589041028637439,1.287833962123841,21.40779264680637
304638.159847541,1.7683329642750323,1.2111670221202075,21.054195194454024
304638.194215583,1.9146249978803098,1.243750040885061,20.77816604781941
304638.228459916,1.9480829942040145,1.221959013491869,20.502136901184798
304638.262828708,1.8612910062074661,1.253750000614673,20.217489053914875
304638.296855541,1.931832986883819,1.3147079735063016,19.92422250600964
304638.330223583,1.9112920272164047,1.2500419979915023,19.63957465873972
304638.364602875,1.9695000373758376,1.2729999725706875,19.354926811469795
304638.398973875,1.9612500327639282,1.2608749675564468,19.070278964199872
304638.433326375,1.1936660157516599,1.2007920304313302,18.897674225188894
304638.467678291,1.3712910003960133,1.2318749795667827,18.897674225188894
304638.502052,2.2305839811451733,1.262083009351045,18.897674225188894
304638.535525125,1.9592910539358854,1.3053749571554363,18.897674225188894
304638.569895125,3.1542499782517552,1.2840409763157368,18.897674225188894
304638.60374325,2.483666001353413,1.327000034507364,18.897674225188894
304638.637682458,2.2130830329842865,1.280958007555455,18.897674225188894
304638.672043291,2.078042016364634,1.2392079806886613,18.897674225188894
304638.705861416,1.9687919993884861,1.2827079626731575,18.897674225188894
304638.739370916,2.124749997165054,1.2897499836981297,18.897674225188894
304638.773002375,2.4103749892674387,1.4809999847784638,18.897674225188894
304638.807363208,1.974874990992248,1.2653340236283839,18.897674225188894
304638.841729375,1.9854580168612301,1.3176249922253191,18.897674225188894
304638.875310375,2.3462080280296504,1.2696249759756029,18.897674225188894
304638.90967775,1.3667080202139914,1.2097499566152692,18.897674225188894
304638.944032958,1.4955829828977585,1.269000000320375,18.897674225188894
304638.97954675,2.652082999702543,1.2453749659471214,18.897674225188894
304639.013678916,1.513708964921534,1.2439580168575048,18.897674225188894
304639.048030041,1.3022089842706919,1.2039999710395932,18.897674225188894
304639.082391583,1.298332994338125,1.2346250005066395,18.897674225188894
304639.116739916,1.240125042386353,1.24224997125566,18.897674225188894
304639.151096958,1.383792026899755,1.2656249455176294,18.897674225188894
304639.185452333,1.4022920513525605,1.2739159865304828,18.897674225188894
304639.219831583,1.6641669790260494,1.2506250059232116,18.897674225188894
304639.25420325,1.9240829860791564,1.2430420028977096,18.897674225188894
304639.287606125,1.8719579675234854,1.258583040907979,18.897674225188894
304639.321008333,1.8850000342354178,1.2861670111306012,18.897674225188894
304639.354544416,1.9656660151667893,1.259916985873133,18.897674225188894
304639.388904583,1.9062079954892397,1.2742920080199838,18.897674225188894
304639.422325083,1.3829999952577055,1.2084589689038694,18.897674225188894
304639.456696791,2.122665988281369,1.2612919672392309,18.897674225188894
304639.490317625,2.10470799356699,1.2781670084223151,18.897674225188894
304639.524687875,2.164624980650842,1.3166249846108258,18.897674225188894
304639.5590545,2.1536669810302556,1.2780000106431544,18.897674225188894
304639.592952333,2.468292019329965,1.3667920138686895,18.897674225188894
304639.627327291,2.2142089437693357,1.3005000073462725,18.897674225188894
304639.661699625,2.4165830109268427,1.2864579912275076,18.897674225188894
304639.695629291,2.1887499606236815,1.334875007160008,18.897674225188894
304639.729991666,2.1183749777264893,1.2643750524148345,18.897674225188894
304639.763622958,2.003750007133931,1.2356669758446515,18.897674225188894
304639.797030375,1.9844580092467368,1.2692500022239983,18.897674225188894
304639.831388541,2.020083018578589,1.2355839717201889,18.897674225188894
304639.865753375,1.873083005193621,1.2973750126548111,18.897674225188894
304639.900128666,1.9269170006737113,1.24879099894315,18.897674225188894
304639.934550625,1.9860410247929394,1.2792919878847897,18.897674225188894
304639.968172333,1.9630829920060933,1.2280839728191495,18.897674225188894
304640.001781875,2.0025420235469937,1.3100829673931003,18.897674225188894
304640.03615925,2.5586659903638065,1.2266249977983534,18.897674225188894
304640.070520916,1.7414159956388175,1.2030000216327608,18.897674225188894
304640.104358791,2.2110420395620167,1.3080000062473118,18.897674225188894
304640.13875,1.917624962516129,1.2659160420298576,18.897674225188894
304640.172787291,2.028249960858375,1.3076250324957073,18.897674225188894
304640.206967791,2.2646249854005873,1.298041024710983,18.897674225188894
304640.241243958,2.24454200360924,1.353041036054492,18.897674225188894
304640.27517725,2.2706250310875475,1.4073749771341681,18.897674225188894
304640.309379791,2.612916985526681,1.134416030254215,18.897674225188894
304640.343747291,2.2478330065496266,1.2615000014193356,18.897674225188894
304640.378035375,2.132458030246198,1.316750014666468,18.897674225188894
304640.412449375,1.9240410183556378,1.2679999927058816,18.897674225188894
304640.446819375,2.046499983407557,1.3249159674160182,18.897674225188894
304640.480391291,1.9148749997839332,1.2753750197589397,18.897674225188894
304640.513997708,2.122042002156377,1.2625830131582916,18.897674225188894
304640.548376208,2.0192909869365394,1.2614590232260525,18.897674225188894
304640.582739208,2.0600829739123583,1.3019589823670685,18.897674225188894
304640.617107,2.1849580225534737,1.2894590036012232,18.897674225188894
304640.651471208,2.5479590403847396,1.2902079615741968,18.897674225188894
304640.68529675,2.648124995175749,1.227000029757619,18.897674225188894
304640.719665458,2.6739159948192537,1.2534589623101056,18.897674225188894
304640.754031916,2.630875038448721,1.2569999671541154,18.897674225188894
304640.787862083,2.6478749932721257,1.260707969777286,18.897674225188894
304640.822229583,2.730500011239201,1.2916669948026538,18.897674225188894
304640.856600416,2.562292036600411,1.2667080154642463,18.897674225188894
304640.890074583,2.6017919881269336,1.2968750088475645,18.897674225188894
304640.924443625,2.6537919766269624,1.3202920090407133,18.897674225188894
304640.958829333,2.2035420406609774,1.2689579743891954,18.897674225188894
304640.992575166,2.1298749488778412,1.2939580483362079,18.897674225188894
304641.026348375,2.140333002898842,1.2168330140411854,18.897674225188894
304641.060272166,1.5862499712966383,1.2675829930230975,18.897674225188894
304641.09463125,1.6214170027524233,1.3182080001570284,18.897674225188894
304641.128995083,1.8181249615736306,1.2671250151470304,18.897674225188894
304641.163165166,2.2112909937277436,1.2677499908022583,18.897674225188894
304641.196747958,1.2670829892158508,1.2032919912599027,18.897674225188894
304641.231109541,1.3266250025480986,1.261416997294873,18.897674225188894
304641.265465916,1.3679590192623436,1.2684999965131283,18.897674225188894
304641.29982325,1.404707960318774,1.2583750067278743,18.897674225188894
304641.334171291,1.4526660088449717,1.2548749800771475,18.897674225188894
304641.368525708,1.5677919727750123,1.2734580086544156,18.897674225188894
304641.402903041,1.8397499807178974,1.2561670155264437,18.897674225188894
304641.4372705,1.8230409477837384,1.2513340334407985,18.897674225188894
304641.471632125,1.9572500023059547,1.2272499734535813,18.897674225188894
304641.505991,1.96733302436769,1.219124998897314,18.871587396978043
304641.540367416,1.2397500104270875,1.1980829876847565,18.742076161143558
304641.574746541,2.1247920230962336,1.2915419647470117,18.069586785285054
304641.609115583,2.5879580061882734,1.2022089795209467,17.069586785285054
304641.642602166,2.4928750353865325,1.1850839946419,16.069586785285054
304641.67659625,2.1812079939991236,1.2903750175610185,15.069586785285054
304641.710980333,2.151499968022108,1.3152500032447278,14.069586785285054
304641.74512775,2.1157919545657933,1.2689580325968564,13.069586785285054
304641.779497541,2.3947079898789525,1.2623340007849038,12.567215133499289
304641.813876958,2.7715840260498226,1.3147499994374812,12.567215133499289
304641.848273041,2.330124960280955,1.257041993085295,12.567215133499289
304641.882648291,2.4090830120258033,1.255250012036413,12.567215133499289
304641.917009666,2.1266249823383987,1.2797919916920364,12.567215133499289
304641.951403,2.6881250087171793,1.2281249510124326,12.567215133499289
304641.985781375,3.207416972145438,1.2309169978834689,12.567215133499289
304642.02014125,2.50566698377952,1.2816250091418624,12.567215133499289
304642.054508875,2.6026670238934457,1.2613330036401749,12.567215133499289
304642.088350416,2.2037920425646007,1.2960409512743354,12.567215133499289
304642.1227255,2.3622080334462225,1.2652919976972044,12.567215133499289
304642.1570785,2.072000002954155,1.2813330395147204,12.567215133499289
304642.191333541,1.2822080170735717,1.2210829881951213,12.567215133499289
304642.225738416,2.081374987028539,1.3082919758744538,12.567215133499289
304642.2599715,2.4003330036066473,1.263667014427483,12.567215133499289
304642.294337541,2.6176670216955245,1.2532909750007093,12.567215133499289
304642.32872875,2.0136249950155616,1.292250002734363,12.567215133499289
304642.363102375,2.1026660106144845,1.2628340045921504,12.567215133499289
304642.397473083,2.1587079972960055,1.2732920004054904,12.567215133499289
304642.431854541,2.1702080266550183,1.2450829963199794,12.567215133499289
304642.466026625,2.290625008754432,1.1944579891860485,12.567215133499289
304642.500404541,2.154042012989521,1.309624989517033,12.567215133499289
304642.534775458,2.197708992753178,1.2911660014651716,12.567215133499289
304642.569139875,2.0964579889550805,1.4514169888570905,13.043328253777617
304642.603023666,2.1293750032782555,1.2945409980602562,13.190043355082565
304642.63738825,2.2774170502088964,1.2558749876916409,12.845064603365529
304642.671269625,2.139999996870756,1.2675829930230975,12.567215133499289
304642.70487325,2.5773340021260083,1.2847499456256628,12.567215133499289
304642.7392395,2.22566700540483,1.2839999981224537,12.567215133499289
304642.773103875,2.0610420033335686,1.2589169782586396,12.567215133499289
304642.807464291,1.429750001989305,1.2720410013571382,12.567215133499289
304642.841827083,1.308457984123379,1.2990839895792305,12.567215133499289
304642.876184541,1.2961250031366944,1.2590409605763853,12.567215133499289
304642.910540916,1.2676669866777956,1.2630830169655383,12.567215133499289
304642.944888916,1.2801670236513019,1.2667499831877649,12.567215133499289
304642.979227833,1.3897090102545917,1.2888330384157598,12.567215133499289
304643.013588083,1.6257500392384827,1.248084008693695,12.567215133499289
304643.047956791,1.9046670058742166,1.2608329998329282,12.567215133499289
304643.082317791,2.0157499820925295,1.1744160437956452,12.567215133499289
304643.116681375,2.421540964860469,1.2766250292770565,12.567215133499289
304643.1587495,1.2708340073004365,1.2072909739799798,12.567215133499289
304643.193093541,1.2564159696921706,1.2304999982006848,12.567215133499289
304643.2274695,2.1878749830648303,1.2320000096224248,12.567215133499289
304643.261317708,2.234790998045355,1.2473749811761081,12.567215133499289
304643.294873875,1.518125005532056,1.2847500038333237,12.567215133499289
304643.329225041,1.3660829863511026,1.1990839848294854,12.567215133499289
304643.362684875,1.2898750137537718,1.254625036381185,12.567215133499289
304643.397028166,1.304208009969443,1.2558750458993018,12.567215133499289
304643.431382041,1.2964170309714973,1.288166968151927,12.567215133499289
304643.46573475,1.321250048931688,1.3125419500283897,12.567215133499289
304643.500087125,1.3643339625559747,1.2857909896411002,12.567215133499289
304643.534468166,1.7020829836837947,1.2330419849604368,12.567215133499289
304643.568839291,1.8077910062856972,1.2654169695451856,12.567215133499289
304643.603206041,2.010124968364835,1.3427080120891333,12.567215133499289
304643.636965083,2.829542034305632,1.2740420061163604,12.567215133499289
304643.671378,2.468082995619625,1.2548749800771475,12.567215133499289
304643.70574125,2.0394169841893017,1.2984999921172857,12.567215133499289
304643.740116625,2.1339590311981738,1.2595829903148115,12.567215133499289
304643.774489666,1.8588329548947513,1.2820830452255905,12.567215133499289
304643.808338375,1.9069170230068266,1.3085829559713602,12.567215133499289
304643.84270725,1.9497500034049153,1.2787499581463635,12.567215133499289
304643.877075416,2.289000025484711,1.2760839890688658,12.567215133499289
304643.911443625,2.155041031073779,1.2677089544013143,12.567215133499289
304643.944938208,2.3033750476315618,1.4582079602405429,12.567215133499289
304643.978865916,2.31087498832494,1.2396249803714454,12.567215133499289
304644.013070666,2.178375027142465,1.3338749995455146,12.567215133499289
304644.047111708,2.181417017709464,1.269333006348461,12.567215133499289
304644.081340458,2.3929160088300705,1.2642089859582484,12.567215133499289
304644.115707583,2.1437079994939268,1.2662090011872351,12.567215133499289
304644.150080916,2.0843749516643584,1.253416994586587,12.567215133499289
304644.184454791,2.020916959736496,1.287541992496699,12.567215133499289
304644.218817583,2.297458006069064,1.2756669893860817,12.567215133499289
304644.253184666,2.0950830075889826,1.270083012059331,12.567215133499289
304644.287556375,2.165375044569373,1.2751249596476555,12.567215133499289
304644.321383083,2.052165975328535,1.2696670019067824,12.567215133499289
304644.355752208,1.873166998848319,1.2573329731822014,12.567215133499289
304644.389294458,2.282041998114437,1.2756669893860817,12.567215133499289
304644.422664166,2.354750002268702,1.2782909907400608,12.567215133499289
304644.45703,2.2087919642217457,1.270833017770201,12.567215133499289
304644.491344166,2.089250017888844,1.2590420083142817,12.567215133499289
304644.525716041,1.915792003273964,1.2710419832728803,12.567215133499289
304644.559498333,1.8543750047683716,1.2897910200990736,12.567215133499289
304644.593870625,1.94508396089077,1.2481660232879221,12.567215133499289
304644.627274791,1.9402920152060688,1.2621249770745635,12.567215133499289
304644.661151125,1.757207966875285,1.241791993379593,12.567215133499289
304644.695189625,1.8775829812511802,1.3219999964348972,12.567215133499289
304644.728671833,1.8563750199973583,1.2754169874824584,12.567215133499289
304644.762647083,1.9536250038072467,1.3170419842936099,12.567215133499289
304644.79700925,1.873083005193621,1.3151250313967466,12.567215133499289
304644.831377041,2.0897919894196093,1.2408330221660435,12.567215133499289
304644.86574425,2.07633402897045,1.2554579880088568,12.567215133499289
304644.899369708,2.122208010405302,1.2655419996008277,12.567215133499289
304644.933739666,2.0343749783933163,1.2784580467268825,12.567215133499289
304644.968119333,2.0019160001538694,1.2419999693520367,12.567215133499289
304645.002057083,1.3716249959543347,1.3434159918688238,12.567215133499289
304645.036401541,1.2077499995939434,1.2029159697704017,12.567215133499289
304645.070782958,1.8477499834261835,1.2649580021388829,12.567215133499289
304645.10458275,2.5023749913088977,1.3035830343142152,12.567215133499289
304645.138950625,2.2725830203853548,1.2658329796977341,12.567215133499289
304645.1733135,1.8886670004576445,1.2981669860891998,12.567215133499289
304645.207683375,1.9464999786578119,1.261458033695817,12.567215133499289
304645.2412645,2.142708981409669,1.2996250297874212,12.567215133499289
304645.275638375,2.0096669904887676,1.280208001844585,12.567215133499289
304645.310009541,3.079958027228713,1.2777919764630497,12.567215133499289
304645.343756791,2.1078750141896307,1.2394170043990016,12.567215133499289
304645.377923916,1.969791017472744,1.2830420164391398,12.567215133499289
304645.411861875,2.543124952353537,1.2712920433841646,12.567215133499289
304645.445965916,2.1603749482892454,1.242541999090463,12.567215133499289
304645.480331541,2.297333034221083,1.7888749716803432,12.567215133499289
304645.514069916,2.01720796758309,1.3552080490626395,12.567215133499289
304645.548446791,2.272082958370447,1.3006670051254332,12.567215133499289
304645.582821666,2.1222089999355376,1.2484159669838846,12.567215133499289
304645.61717375,1.2713329633697867,1.1977500398643315,12.567215133499289
304645.651547541,1.2443329906091094,1.2131250114180148,12.567215133499289
304645.685910708,1.2714579934254289,1.3316249824129045,12.567215133499289
304645.720270791,1.3452499988488853,1.2628749827854335,12.567215133499289
304645.754362916,1.4285420184023678,1.2757499935105443,12.567215133499289
304645.788709458,1.3857500161975622,1.2577499728649855,12.567215133499289
304645.82307175,1.7461670213378966,1.2468330096453428,12.567215133499289
304645.857120875,1.7610829672776163,1.2474589748308063,12.567215133499289
304645.891006375,1.8658749759197235,1.293333014473319,12.567215133499289
304645.92537325,2.2869170061312616,1.2596669839695096,12.567215133499289
304645.959741458,2.0153329824097455,1.2749169836752117,12.567215133499289
304645.994110125,2.211584011092782,1.2527909711934626,12.567215133499289
304646.028247708,1.945166033692658,1.291374966967851,12.567215133499289
304646.061796041,1.8061670125462115,1.2623750371858478,12.567215133499289
304646.095905,1.8515000119805336,1.247250009328127,12.567215133499289
304646.130134541,1.8392089987173676,1.3431250117719173,12.567215133499289
304646.163778625,2.0237090066075325,1.2805000296793878,12.567215133499289
304646.198166875,2.2319999989122152,1.2572089908644557,12.567215133499289
304646.23374325,1.83983298484236,1.2402089778333902,12.567215133499289
304646.26811275,2.2549580316990614,1.2463749735616148,12.567215133499289
304646.301819958,2.5179579970426857,1.1906250147148967,12.567215133499289
304646.3352875,2.1760420058853924,1.272916968446225,12.567215133499289
304646.369680125,2.228666970040649,1.2629579869098961,12.567215133499289
304646.404051458,2.257457992527634,1.2653329758904874,12.567215133499289
304646.437706333,2.5658750091679394,1.2489579967223108,12.567215133499289
304646.472097958,2.185833000112325,1.2621250352822244,12.567215133499289
304646.506474416,2.2865000064484775,1.2692500022239983,12.567215133499289
304646.540748583,1.977665990125388,1.2989999959245324,12.567215133499289
304646.575124875,2.0967909949831665,1.2684590183198452,12.567215133499289
304646.609124458,2.076250035315752,1.2832499924115837,12.567215133499289
304646.642694916,2.3304169881157577,1.3549160212278366,12.567215133499289
304646.677064125,2.0284170168451965,1.3041659840382636,12.567215133499289
304646.711244666,2.4373329943045974,1.304958015680313,12.567215133499289
304646.745115166,1.9300830317661166,1.271958986762911,12.567215133499289
304646.779080083,1.9432500121183693,1.3087920378893614,12.567215133499289
304646.8134505,1.969332981389016,1.274125010240823,12.567215133499289
304646.84782175,1.9950830028392375,1.2755419593304396,12.567215133499289
304646.882185541,2.1526250056922436,1.269000000320375,12.567215133499289
304646.915997916,2.181416959501803,1.2713750475086272,12.567215133499289
304646.94937075,2.39912502001971,1.274749985896051,12.567215133499289
304646.983303958,1.9927080138586462,1.2577500310726464,12.567215133499289
304647.017676458,1.9503750372678041,1.2822499847970903,12.567215133499289
304647.052047375,1.9931669812649488,1.2656670296564698,12.567215133499289
304647.0864155,2.4666659883223474,1.2401670101098716,12.567215133499289
304647.120788375,2.807707991451025,1.3850829564034939,12.567215133499289
304647.155154916,2.004374982789159,1.2949169613420963,12.567215133499289
304647.189534916,2.314499986823648,1.3307080371305346,12.567215133499289
304647.223909083,2.206292003393173,1.3072500005364418,12.567215133499289
304647.258285625,2.1432499634101987,1.2679999927058816,12.567215133499289
304647.29268225,1.9334170501679182,1.3122919481247663,12.567215133499289
304647.3266265,2.2535829921253026,1.2524169869720936,12.567215133499289
304647.360787541,1.899541006423533,1.2837499962188303,12.567215133499289
304647.3951675,2.1829999750480056,1.2915830011479557,12.567215133499289
304647.429333125,2.2110830177553,1.2934589758515358,12.567215133499289
304647.4637025,1.9563330570235848,1.2912919628433883,12.567215133499289
304647.498094333,2.1644579828716815,1.2790419859811664,12.567215133499289
304647.53246,2.131375018507242,1.2673329911194742,12.567215133499289
304647.566667291,2.0136660314165056,1.3373339897952974,12.567215133499289
304647.6006205,2.047707966994494,1.3575420016422868,12.567215133499289
304647.634995333,1.9763329764828086,1.2695000041276217,12.567215133499289
304647.669363083,2.269375021569431,1.241207995917648,12.567215133499289
304647.703719375,2.4378339876420796,1.2389160110615194,12.567215133499289
304647.738086,2.0266249775886536,1.2917499989271164,12.567215133499289
304647.771827041,2.2185840061865747,1.2668330455198884,12.567215133499289
304647.806182583,1.3603749684989452,1.2259589857421815,12.567215133499289
304647.840532416,1.2617919710464776,1.2011250364594162,12.567215133499289
304647.874890916,1.208209025207907,1.253040973097086,12.567215133499289
304647.909238291,1.272916968446225,1.2376250233501196,12.567215133499289
304647.943594958,1.2320829555392265,1.275832997635007,12.567215133499289
304647.977951208,1.256000017747283,1.3053329894319177,12.567215133499289
304648.012305,1.2706249835900962,1.265666971448809,12.567215133499289
304648.046668916,1.386250020004809,1.264708989765495,12.567215133499289
304648.081028833,1.7245830385945737,1.2531669926829636,12.567215133499289
304648.115400208,1.8382910056971014,1.2610420235432684,12.567215133499289
304648.148824333,2.2788330097682774,1.336708024609834,12.567215133499289
304648.183194958,1.9875409780070186,1.267292012926191,12.567215133499289
304648.217559958,1.9802910392172635,1.2838339898735285,12.567215133499289
304648.251949625,2.002791967242956,1.2636249884963036,12.567215133499289
304648.286334875,2.3194170207716525,1.2684999965131283,12.567215133499289
304648.320698958,1.9447500235401094,1.21983396820724,12.567215133499289
304648.354678166,2.1525000338442624,1.2495829723775387,12.567215133499289
304648.389049,2.2749589988961816,1.3524999958463013,12.567215133499289
304648.422507416,2.038792008534074,1.2550000101327896,12.567215133499289
304648.456228375,2.292416989803314,1.2724159751087427,12.567215133499289
304648.489758666,1.8368749879300594,1.31687504472211,12.567215133499289
304648.523791166,1.945208990946412,1.2627500109374523,12.567215133499289
304648.557523291,1.8897910485975444,1.2720419908873737,12.567215133499289
304648.590959041,1.9559579668566585,1.2464590254239738,12.567215133499289
304648.625300375,2.0617080153897405,1.2815420050173998,12.567215133499289
304648.659189916,1.8527090433053672,1.2544579803943634,12.567215133499289
304648.692645,2.528166980482638,1.278416020795703,12.567215133499289
304648.726928625,2.0316250156611204,1.2855829554609954,12.567215133499289
304648.760896625,2.0339589682407677,1.2716250494122505,12.567215133499289
304648.794798541,2.1859999978914857,1.2602080241777003,12.567215133499289
304648.829160875,1.9855829887092113,1.2927500065416098,12.567215133499289
304648.862810916,2.080500009469688,1.2732080067507923,12.567215133499289
304648.896464916,1.9420000026002526,1.2543330085463822,12.567215133499289
304648.93083275,2.0326669909991324,1.2719579972326756,12.567215133499289
304648.964341833,2.12508300319314,1.2583329807966948,12.567215133499289
304648.998709916,1.9387079519219697,1.3108340208418667,12.567215133499289
304649.033068208,2.0125830196775496,1.4078749809414148,12.567215133499289
304649.067436833,1.9512500148266554,1.278791984077543,12.567215133499289
304649.100878041,1.9390829838812351,1.2790840119123459,12.567215133499289
304649.135253375,2.009167044889182,1.2626249808818102,12.567215133499289
304649.16913225,2.076582983136177,1.3390420353971422,12.59330196171014
304649.203508708,2.658249984961003,1.5745830023661256,12.679719694368103
304649.237868625,2.2241249680519104,1.2769169989041984,12.843705732743786
304649.272136791,1.8721660017035902,1.2783750426024199,13.180065783825512
304649.306136291,1.9396660500206053,1.2876249966211617,13.826699057778129
304649.340197458,1.3157500070519745,1.202374987769872,14.818080357142833
304649.374550333,1.2630000128410757,1.2252499582245946,15.818080357142833
304649.408944375,2.1724170073866844,1.2812500353902578,16.818080357142833
304649.442477291,1.6420409665443003,1.2609169934876263,17.818080357142833
304649.476836916,2.3340830230154097,1.2560419854708016,18.818080357142833
304649.511204958,2.0359160262160003,1.2615419691428542,19.818080357142833
304649.545581833,2.1400420228019357,1.3024579966440797,20.818080357142833
304649.579951791,2.405709004960954,1.2678329949267209,21.818080357142833
304649.614348375,2.312541997525841,1.24654098181054,22.818080357142833
304649.648716833,2.0532080088742077,1.2566249934025109,23.818080357142833
304649.683090125,2.111957990564406,1.2971670366823673,24.818080357142833
304649.717460291,2.1284169633872807,1.2862920411862433,25.818080357142833
304649.751822625,2.0591249922290444,1.2376250233501196,26.818080357142833
304649.786183375,2.0964579889550805,1.2350420001894236,27.731893350789804
304649.820159875,2.277459017932415,1.2779159587807953,27.731893350789804
304649.853550833,2.400083001703024,1.3260839623399079,27.56794084821425
304649.887916333,2.4209169787354767,1.3076250324957073,26.852391504979366
304649.92229325,2.139749994967133,1.255375042092055,25.861043741414804
304649.9566685,2.366708009503782,1.2457919656299055,24.86969597785024
304649.991037,1.9089169800281525,1.2724580010399222,23.87834821428568
304650.025388291,1.2920830049552023,1.217584009282291,22.887000450721118
304650.059747625,1.2536660069599748,1.2132919509895146,21.895652687156556
304650.094103583,1.3027500244788826,1.2639579945243895,20.904304923591994
304650.12846,1.316542038694024,1.2769579770974815,19.904338459392136
304650.162809625,1.4064160059206188,1.2865840108133852,18.904371995192278
304650.197158541,1.3755839900113642,1.2672499869950116,17.90440553099242
304650.231502125,1.384209026582539,1.2778330128639936,16.904439066792563
304650.265909958,1.7328750109300017,1.3175419881008565,15.904472602592705
304650.30028775,1.7917919903993607,1.314000051934272,14.904506138392847
304650.334656583,1.8243749509565532,1.2508340296335518,13.90453967419299
304650.3690135,1.934042025823146,1.2765420251525939,12.904573209993131
304650.402585583,1.8631659913808107,1.2493749964050949,12.167325428194994
304650.436123666,2.070249989628792,1.2692090240307152,12.167325428194994
304650.470490083,2.033083001151681,1.2951670214533806,12.594333522922383
304650.50485275,2.327041991520673,1.2587500386871397,13.249585497510296
304650.539211833,1.9981249934062362,1.261750003322959,13.896218771462912
304650.57358375,4.088917048648,1.2310829479247332,14.439427637791894
304650.607381375,1.2569579994305968,1.2489170185290277,14.793025090144226
304650.641736791,1.5713340253569186,1.255582959856838,14.965629829155219
304650.676108416,1.700832974165678,1.2572499690577388,15.052047561813183
304650.710488833,1.8867080216296017,1.2576669687405229,15.052278288118131
304650.744491875,1.923083036672324,1.24841695651412,15.052278288118131
304650.778513916,1.852207991760224,1.2812500353902578,15.052278288118131
304650.812877666,1.993207959458232,1.294667017646134,15.052278288118131
304650.847090625,2.2825829801149666,1.2672500452026725,15.052278288118131
304650.881455125,2.0796669996343553,1.259957964066416,15.052278288118131
304650.915512083,2.028707996942103,1.2612079735845327,15.052278288118131
304650.949470583,2.2783750318922102,1.3077500043436885,15.052278288118131
304650.983485083,2.3508750018663704,1.2398340040817857,15.052278288118131
304651.017855416,2.187040983699262,1.2476249830797315,15.052278288118131
304651.051533416,2.1686249529011548,1.2517920113168657,15.052278288118131
304651.085902166,1.9981670193374157,1.2909579672850668,15.052278288118131
304651.1201535,2.0981249981559813,1.2787090381607413,15.052278288118131
304651.154003541,2.3014589678496122,1.282125012949109,15.052278288118131
304651.188370541,2.248167002107948,1.1529999901540577,15.052278288118131
304651.222288041,2.2724579903297126,1.2507920037023723,15.052081097613325
304651.256659708,2.023667038884014,1.2450829963199794,15.043265206473208
304651.29103675,1.9515410531312227,1.268958963919431,15.034449315333092
304651.325404583,2.2584590478800237,1.2493749964050949,15.025633424192975
304651.359155708,2.2337500122375786,1.1539589613676071,15.016817533052858
304651.393090083,2.243167022243142,1.2863329611718655,15.008001641912742
304651.42745325,2.436750044580549,1.2511249515227973,14.999185750772625
304651.460967583,2.351208997424692,1.260999997612089,14.990369859632509
304651.495367083,1.8714580219238997,1.2697919737547636,14.981553968492392
304651.528958125,2.0077499793842435,1.2966250069439411,14.972738077352275
304651.563033583,1.9449579995125532,1.251624955330044,14.963922186212159
304651.597404,1.9463750068098307,1.2973329867236316,14.963922186212159
304651.631218458,1.8686249968595803,1.257415977306664,14.981390313787713
304651.665587958,1.8635000451467931,1.2639999622479081,15.179851154704608
304651.6993655,1.9665000145323575,1.271583023481071,15.378311995621502
304651.733736833,2.428749983664602,1.2363750138320029,15.576772836538396
304651.767314208,1.8675420433282852,1.281249977182597,15.77523367745529
304651.801688416,2.1154580172151327,1.2355829821899533,15.973694518372184
304651.836062375,2.387624990660697,1.2388749746605754,16.17215535928908
304651.870440208,2.1461249561980367,1.2830420164391398,16.370616200205973
304651.904675958,2.4016249808482826,1.2727080029435456,16.56045834048757
304651.939043208,2.3148750187829137,1.2556249857880175,16.75030048076917
304651.973408541,2.125707978848368,1.2684169923886657,16.940142621050768
304652.007655,1.4770000125281513,1.2300829985179007,17.129984761332366
304652.042026208,1.7007080023176968,1.4237500145100057,17.319826901613965
304652.076402041,1.9750419887714088,1.2480830191634595,17.509669041895563
304652.109888625,2.0110420300625265,1.2996669975109398,17.682273780906556
304652.14342625,1.8582920311018825,1.2573329731822014,17.85487851991755
304652.177777041,1.2648339616134763,1.202416024170816,18.01886455829323
304652.211819416,1.289708015974611,1.2534999987110496,18.182850596668914
304652.246165708,1.2907920172438025,1.2685830006375909,18.346836635044596
304652.280520541,1.3172920444048941,1.2603329960256815,18.502203972784983
304652.31487775,1.394667022395879,1.2582920026034117,18.666190011160666
304652.3492225,1.4011249877512455,1.2640419881790876,18.666190011160666
304652.383597458,1.7267090152017772,1.2800410040654242,18.666190011160666
304652.41795975,2.015708014369011,1.267292012926191,18.666190011160666
304652.452325791,2.3598340339958668,1.2427080073393881,18.666190011160666
304652.486700791,2.563375048339367,1.2649589916691184,18.666190011160666
304652.521050083,2.10116698872298,1.423124980647117,18.666190011160666
304652.555422125,2.546291972976178,1.382292015478015,18.666190011160666
304652.589789666,1.8331250175833702,1.2788749882020056,18.666190011160666
304652.623232041,1.9207920413464308,1.3209159951657057,18.666190011160666
304652.657274791,1.8837079987861216,1.2978340382687747,18.666190011160666
304652.691639916,1.8378749955445528,1.3063749647699296,18.666190011160666
304652.725313666,2.3720000172033906,1.2895420077256858,18.666190011160666
304652.759570958,1.8337080255150795,1.2826669844798744,18.666190011160666
304652.793926375,1.4756249729543924,1.2810000334866345,18.666190011160666
304652.828290416,1.4024580013938248,1.265500031877309,18.666190011160666
304652.862645083,1.2731250026263297,1.2317500077188015,18.666190011160666
304652.896988166,1.285624981392175,1.280291995499283,18.666190011160666
304652.931338708,1.2954590492881835,1.253040973097086,18.666190011160666
304652.965694916,1.3757499982602894,1.2622500071302056,18.666190011160666
304653.00007225,1.6618329682387412,1.2489579967223108,18.666190011160666
304653.034443125,1.9124579848721623,1.2395000085234642,18.666190011160666
304653.068681541,1.799624995328486,1.2764999992214143,18.666190011160666
304653.102993458,2.4792500189505517,1.2780000106431544,18.666190011160666
304653.136752833,2.520041016396135,1.2742090038955212,18.666190011160666
304653.170157291,2.69408302847296,1.2589580146595836,18.666190011160666
304653.203912791,2.4824169813655317,1.285957987420261,18.666190011160666
304653.238275583,2.1947919740341604,1.2650410062633455,18.666190011160666
304653.27279925,2.012917015235871,1.2856670073233545,18.666190011160666
304653.307164875,1.8982919864356518,1.2725000269711018,18.666190011160666
304653.341532541,1.7695839633233845,1.2649160344153643,18.666190011160666
304653.3758995,1.781625032890588,1.2833749642595649,18.666190011160666
304653.409635208,1.9192500039935112,1.2499580043368042,18.666190011160666
304653.44400175,1.8520840094424784,1.2605409719981253,18.666190011160666
304653.478372708,1.9200420356355608,1.2553329579532146,18.666190011160666
304653.512364625,2.310417010448873,1.300874981097877,18.666190011160666
304653.546728375,1.3724169693887234,1.2533750268630683,18.666190011160666
304653.581095208,1.9179170485585928,1.287165971007198,18.666190011160666
304653.615469916,2.2081249626353383,1.2555000139400363,18.666190011160666
304653.649844166,2.2524159867316484,1.2677499908022583,18.666190011160666
304653.684219833,2.201082999818027,1.2534589623101056,18.666190011160666
304653.718593458,2.5560000212863088,1.269291969947517,18.666190011160666
304653.7529665,2.369249996263534,1.2678750208579004,18.666190011160666
304653.787006666,1.9831249956041574,1.315667002927512,18.666190011160666
304653.820630166,2.3557499516755342,1.2935420381836593,18.666190011160666
304653.854882291,2.2872909903526306,1.2734170304611325,18.666190011160666
304653.888712083,2.059082966297865,1.2919169967062771,18.666190011160666
304653.9230775,2.2424589842557907,1.2525829952210188,18.666190011160666
304653.957453208,2.2265409934334457,1.2752090115100145,18.666190011160666
304653.99182275,1.907541009131819,1.2984999921172857,18.666190011160666
304654.026201291,2.4319160147570074,1.2374999932944775,18.666190011160666
304654.060274875,1.9348330097272992,1.2746250140480697,18.666190011160666
304654.094186625,2.0579170086421072,1.227417029440403,18.666190011160666
304654.1277675,1.9832910038530827,1.2572499690577388,18.666190011160666
304654.161855541,2.1337090292945504,1.2839160044677556,18.666190011160666
304654.195474916,2.0502909901551902,1.2774589704349637,18.666190011160666
304654.229862375,2.3227499914355576,1.2220829958096147,18.666190011160666
304654.263837833,2.1198750473558903,1.2606249656528234,18.666190011160666
304654.297738875,2.211957995314151,1.3223749701865017,18.666190011160666
304654.332113625,2.2177500068210065,1.2701249797828496,18.666190011160666
304654.366194583,1.276291033718735,1.1964999721385539,18.666190011160666
304654.4005615,1.2369159958325326,1.227708999067545,18.666190011160666
304654.434915541,1.245874969754368,1.256333023775369,18.666190011160666
304654.46927025,1.3402089825831354,1.2474160175770521,18.666190011160666
304654.503475291,1.36749999364838,1.2581669725477695,18.666190011160666
304654.537849708,1.6658329986967146,1.2512499815784395,18.666190011160666
304654.572205416,1.8486669869162142,1.2458330020308495,18.666190011160666
304654.605648,1.8416669918224216,1.2672910233959556,18.666190011160666
304654.639550541,1.8325839773751795,1.2786660226993263,18.666190011160666
304654.673524416,1.9011250114999712,1.2326669530011714,18.666190011160666
304654.707893416,1.8414169899187982,1.342875009868294,18.666190011160666
304654.742256958,2.925582986790687,1.251292007509619,18.666190011160666
304654.7766265,1.9052079878747463,1.273375004529953,18.666190011160666
304654.81099025,2.0623329910449684,1.2817500391975045,18.666190011160666
304654.844769583,1.376124972011894,1.2641250505112112,18.666190011160666
304654.878482708,1.3688330072909594,1.280166965443641,18.666190011160666
304654.912849541,1.6607909929007292,1.2185840168967843,18.666190011160666
304654.947221166,1.92137504927814,1.2565829674713314,18.666190011160666
304654.980770708,2.021999971475452,1.2625830131582916,18.666190011160666
304655.015146208,1.9996660412289202,1.295124995522201,18.666190011160666
304655.049514958,2.091375004965812,1.3207499869167805,18.666190011160666
304655.082985083,2.048333000857383,1.3124169781804085,18.666190011160666
304655.116815875,1.8132090335711837,1.243665989022702,18.666190011160666
304655.151185083,2.2863330086693168,1.269750006031245,18.666190011160666
304655.185550791,2.482999989297241,1.2673329911194742,18.666190011160666
304655.219922333,2.4499999708496034,1.277458039112389,18.666190011160666
304655.254317833,2.5406249915249646,1.2591670383699238,18.666190011160666
304655.288687166,2.104415965732187,1.2758750235661864,18.666190011160666
304655.323070958,2.295832964591682,1.2700000079348683,18.666190011160666
304655.357443208,1.9305840251035988,1.2829159968532622,18.666190011160666
304655.391820916,2.0942919654771686,1.2876249966211617,18.666190011160666
304655.426183208,2.3052500328049064,1.258959004189819,18.666190011160666
304655.45969675,2.4398340028710663,1.2684580287896097,18.666190011160666
304655.494079666,1.9062499632127583,1.2710420414805412,18.666190011160666
304655.528449083,2.4378750240430236,1.265458995476365,18.666190011160666
304655.562826,2.5121670332737267,1.2482919846661389,18.666190011160666
304655.597201666,2.188832964748144,1.2732080067507923,18.666190011160666
304655.631080291,2.2113340091891587,1.2723749969154596,18.666190011160666
304655.664793375,1.826416002586484,1.253833994269371,18.666190011160666
304655.699165625,1.5434999950230122,1.269000000320375,18.666190011160666
304655.733510666,1.2570000253617764,1.267207961063832,18.666190011160666
304655.767869791,1.3104999670758843,1.2725419946946204,18.666190011160666
304655.802218916,1.2403749860823154,1.227750035468489,18.666190011160666
304655.83658,1.2192499707452953,1.2174590374343097,18.666190011160666
304655.87093725,1.2781669502146542,1.3012080453336239,18.666190011160666
304655.905283541,1.3136669876985252,1.256417017430067,18.666190011160666
304655.939140208,1.3720830320380628,1.2714169570244849,18.666190011160666
304655.9734995,1.6257079550996423,1.3232920318841934,18.666190011160666
304656.007854583,1.5526660135947168,1.292250002734363,18.666190011160666
304656.042203333,1.3971670414321125,1.2221249635331333,18.666190011160666
304656.076547875,1.529625034891069,1.2706659617833793,18.666190011160666
304656.110895708,1.298749994020909,1.2988329981453717,18.666190011160666
304656.145256458,1.2789160246029496,1.2304169940762222,18.666190011160666
304656.179613583,1.3125830446369946,1.2442089500837028,18.666190011160666
304656.213968125,1.3144999975338578,1.2444170424714684,18.666190011160666
304656.24832125,1.3261670246720314,1.2563749914988875,18.666190011160666
304656.282675916,1.4555419911630452,1.2649580021388829,18.666190011160666
304656.317026,1.5530000091530383,1.2669999850913882,18.666190011160666
304656.351389333,1.6596660134382546,1.3282090076245368,18.666190011160666
304656.385800666,1.8720419611781836,1.294374989811331,18.666190011160666
304656.419261916,1.8647080287337303,1.3324579922482371,18.666190011160666
304656.453626375,2.4720419896766543,1.1648749932646751,18.666190011160666
304656.487833291,1.9692920031957328,1.2709160218946636,18.666190011160666
304656.522198541,2.302790991961956,1.2685420224443078,18.666190011160666
304656.555798125,2.3724170168861747,1.2744159903377295,18.666190011160666
304656.590162,1.891166961286217,1.3100000214762986,18.666190011160666
304656.624521375,1.8915419932454824,1.260792021639645,18.666190011160666
304656.658450208,1.9787499913945794,1.270167005714029,18.666190011160666
304656.692052791,1.2752499897032976,1.2273750035092235,18.666190011160666
304656.725451208,1.415958977304399,1.2013749801553786,18.666190011160666
304656.759436083,1.2364169815555215,1.2242909870110452,18.666190011160666
304656.7937905,1.3555829646065831,1.2864170130342245,18.666190011160666
304656.828155125,1.293207984417677,1.271959044970572,18.666190011160666
304656.862506,1.2674170429818332,1.2214579619467258,18.666190011160666
304656.896852,1.276290975511074,1.248000015038997,18.666190011160666
304656.931204333,1.4940000255592167,1.2561249895952642,18.666190011160666
304656.965555916,1.5247080009430647,1.3047079555690289,18.666190011160666
304656.999914916,1.586790953297168,1.2770839966833591,18.666190011160666
304657.034276166,1.6156249912455678,1.3221249682828784,18.666190011160666
304657.068629916,1.6635000356473029,1.2403749860823154,18.666190011160666
304657.103007125,1.784041989594698,1.257041993085295,18.666190011160666
304657.137371708,2.1485829493030906,1.2826250167563558,18.666190011160666
304657.171738,1.9671670161187649,1.2823749566450715,18.666190011160666
304657.206116833,1.9467909587547183,1.3126670382916927,18.666190011160666
304657.240000208,1.9396670395508409,1.285624981392175,18.666190011160666
304657.273369083,1.528916007373482,1.2261669617146254,18.666190011160666
304657.369138541,1.335625012870878,1.2119169696234167,18.666190011160666
304657.402630041,2.7087919879704714,1.1754999868571758,18.666190011160666
304657.436626791,1.8328750156797469,1.2838749680668116,18.666190011160666
304657.470991291,2.0423749811016023,1.2412089854478836,18.666190011160666
304657.505379833,1.674707978963852,1.2232080334797502,18.666190011160666
304657.53974025,1.3184159761294723,1.2032089871354401,18.666190011160666
304657.573209083,1.6156670171767473,1.3691670028492808,18.666190011160666
304657.606778458,1.7353330040350556,1.226958993356675,18.666190011160666
304657.641122833,1.2533330009318888,1.2660000356845558,18.666190011160666
304657.675485083,1.2398749822750688,1.2248330167494714,18.666190011160666
304657.709838,1.321959018241614,1.3796249986626208,18.666190011160666
304657.744182875,1.343957963399589,1.2134999851696193,18.666190011160666
304657.778481916,1.2719579972326756,1.236083044204861,18.666190011160666
304657.811857041,2.6202909648418427,1.3560000224970281,18.666190011160666
304657.845943625,1.2945419875904918,1.2669580173678696,18.666190011160666
304657.880288416,1.2181249912828207,1.2221249635331333,18.666190011160666
304657.913696916,1.3082500081509352,1.2760420213453472,18.666190011160666
304657.948042958,1.2717500212602317,1.2284169788472354,18.666190011160666
304657.982397166,1.304832985624671,1.232874987181276,18.666190011160666
304658.01653,1.3060419587418437,1.2325830175541341,18.666190011160666
304658.050874125,1.2062090099789202,1.2281250092200935,18.666190011160666
304658.0843535,1.1797909974120557,1.2426669709384441,18.666190011160666
304658.118711625,1.7899579834192991,1.233917020726949,18.666190011160666
304658.153073291,1.8026249599643052,1.2695000041276217,18.666190011160666
304658.19275775,1.7586670001037419,1.65350001771003,18.666190011160666
304658.226213833,1.6119999927468598,1.2955419952049851,18.666190011160666
304658.260559375,1.3134999899193645,1.201000006403774,18.666190011160666
304658.294904291,1.3262080028653145,1.3057080213911831,18.666190011160666
304658.328269791,1.368542027194053,1.2196669704280794,18.666190011160666
304658.362619,1.275958027690649,1.2408329639583826,18.666190011160666
304658.396970583,1.636083994526416,1.2025830219499767,18.666190011160666
304658.431360833,1.6353329992853105,1.2322920374572277,18.666190011160666
304658.465738583,2.144541998859495,1.250542001798749,18.666190011160666
304658.500024375,1.7155840178020298,1.259665994439274,18.666190011160666
304658.533656875,2.3187919869087636,1.2608750257641077,18.666190011160666
304658.56801475,1.7701250035315752,1.2366669834591448,18.666190011160666
304658.601413958,1.8592499545775354,1.2714580516330898,18.666190011160666
304658.635138333,1.80433300556615,1.2384169967845082,18.666190011160666
304658.668592375,1.731208001729101,1.2404590379446745,18.666190011160666
304658.702954291,1.81554100709036,1.228499982971698,18.666190011160666
304658.736665666,2.2353329695761204,1.271541987080127,18.666190011160666
304658.77025425,2.163542027119547,1.2387500028125942,18.666190011160666
304658.803804666,2.3754590074531734,1.2783750426024199,18.666190011160666
304658.838176583,2.356707991566509,1.291042019147426,18.666190011160666
304658.872561916,2.122459001839161,1.3013749849051237,18.666190011160666
304658.906263291,2.2149579599499702,1.2756670475937426,18.666190011160666
304658.939969041,2.1411250345408916,1.2446659966371953,18.666190011160666
304658.9743255,2.1183749777264893,1.2551249819807708,18.666190011160666
304659.00868225,1.9228750024922192,1.277708972338587,18.666190011160666
304659.043158583,15.6989999813959,1.2100000167265534,18.666190011160666
304659.077517416,1.3453339925035834,1.2036660336889327,18.666190011160666
304659.111869875,1.3617920340038836,1.2782079866155982,18.666190011160666
304659.1460345,1.7760839546099305,1.2776250368915498,18.666190011160666
304659.180274958,1.9136659684590995,1.219875004608184,18.666190011160666
304659.213827375,2.3062500404193997,1.2450419599190354,18.666190011160666
304659.247780208,1.8152500269934535,1.2177089811302722,18.666190011160666
304659.282142791,1.3907920219935477,1.1994169908575714,18.666190011160666
304659.316509541,1.6618329682387412,1.2489170185290277,18.666190011160666
304659.350882041,2.01354204909876,1.2473749811761081,18.666190011160666
304659.38524975,1.8144999630749226,1.228208013344556,18.666190011160666
304659.41961425,2.132000052370131,1.3392079854384065,18.666190011160666
304659.453272083,1.6336659900844097,1.3597090146504343,18.666190011160666
304659.487646166,2.21950002014637,1.2659999774768949,18.666190011160666
304659.521067,2.0484579727053642,1.2707500136457384,18.666190011160666
304659.555423583,1.8029999919235706,1.2243749806657434,18.666190011160666
304659.589804208,2.286291040945798,1.271124987397343,18.666190011160666
304659.624038708,2.2827500361017883,1.2872079969383776,18.666190011160666
304659.658419416,2.411041990853846,1.2527499930001795,18.666190011160666
304659.692301375,2.003125031478703,1.291374966967851,18.666190011160666
304659.726681375,2.8310000197961926,1.3560410006903112,18.666190011160666
304659.760681416,2.6625419850461185,1.3021670165471733,18.666190011160666
304659.794893875,2.432375040370971,1.2409579940140247,18.666190011160666
304659.829277833,2.652916999068111,1.2133329873904586,18.666190011160666
304659.862973333,2.5119169731624424,1.2547920341603458,18.666190011160666
304659.896929958,1.8751659663394094,1.2875840184278786,18.666190011160666
304659.930790541,2.116790972650051,1.2805419974029064,18.666190011160666
304659.964271333,2.0779590122401714,1.2894159881398082,18.666190011160666
304659.997812208,2.7941250009462237,1.3180829701013863,18.666190011160666
304660.031823916,2.5958329788409173,1.2792080524377525,18.666190011160666
304660.066204583,1.9981249934062362,1.2920830049552023,18.666190011160666
304660.100457083,2.021541993599385,1.3013750431127846,18.666190011160666
304660.134005541,2.5308329495601356,1.3317500124685466,18.666190011160666
304660.168385875,2.0606250036507845,1.2417079997248948,18.666190011160666
304660.201941,2.03558400971815,1.2923750327900052,18.666190011160666
304660.236294083,1.3947500265203416,1.2033329694531858,18.666190011160666
304660.270639708,1.3086670078337193,1.2189170229248703,18.666190011160666
304660.304996125,1.597292022779584,1.2087919749319553,18.666190011160666
304660.338948208,1.642916991841048,1.3221660046838224,18.666190011160666
304660.372547416,1.8371670157648623,1.2569169630296528,18.666190011160666
304660.406481,1.9642089609988034,1.2475410476326942,18.666190011160666
304660.440844416,2.0229999790899456,1.266875013243407,18.666190011160666
304660.475219458,2.2012499975971878,1.2400419800542295,18.666190011160666
304660.50959975,2.198499976657331,1.268334046471864,18.666190011160666
304660.543965875,2.234125044196844,1.2729589943774045,18.666190011160666
304660.577441375,2.1745829726569355,1.277417002711445,18.666190011160666
304660.61098325,2.318957995157689,1.250542001798749,18.666190011160666
304660.645348208,2.047959016636014,1.272750028874725,18.666190011160666
304660.679331458,2.2176660131663084,1.265041995793581,18.666190011160666
304660.713704041,2.671374997589737,1.2170000118203461,18.666190011160666
304660.748085166,2.540375047829002,1.3972499873489141,18.666190011160666
304660.782455375,2.349749964196235,1.2582920026034117,18.666190011160666
304660.816055041,2.093832998070866,1.2347089941613376,18.666190011160666
304660.850428583,2.1062910091131926,1.2780840042978525,18.666190011160666
304660.884801041,2.643333049491048,1.2283339747227728,18.666190011160666
304660.91879575,2.2910420084372163,1.2634579907171428,18.666190011160666
304660.953162625,1.9851249526254833,1.2607090175151825,18.666190011160666
304660.987371,2.114832983352244,1.2627080432139337,18.666190011160666
304661.021603083,2.313749981112778,1.223042025230825,18.666190011160666
304661.055555291,1.734499994199723,1.2620000052265823,18.666190011160666
304661.08925875,2.256833016872406,1.2781249824911356,18.666190011160666
304661.123639458,2.113915979862213,1.2545419740490615,18.666190011160666
304661.157485666,2.0560419652611017,1.2738750083371997,18.666190011160666
304661.191868166,2.551250043325126,1.2743329862132668,18.666190011160666
304661.226238875,3.247792017646134,1.2279999791644514,18.666190011160666
304661.260601708,1.9832919933833182,1.2750410242006183,18.666190011160666
304661.29404775,2.022750035393983,1.3326249900273979,18.666190011160666
304661.328428708,2.1079580183140934,1.2503750040195882,18.666190011160666
304661.361965791,2.522166003473103,1.2723749969154596,18.666190011160666
304661.395635125,2.279500011354685,1.3495840248651803,18.666190011160666
304661.429783791,3.0098329880274832,1.2513339752331376,18.666190011160666
304661.464149,2.023708017077297,1.2663750094361603,18.666190011160666
304661.49851975,2.282458997797221,1.2812079512514174,18.666190011160666
304661.531955916,2.426333026960492,1.2701669475063682,18.666190011160666
304661.5663395,2.087124972604215,1.2549160164780915,18.666190011160666
304661.600696583,2.1121249883435667,1.2422919971868396,18.666190011160666
304661.634579791,2.0657499553635716,1.276666997000575,18.666190011160666
304661.668065666,2.0593340159393847,1.246624975465238,18.666190011160666
304661.702419,1.9735829555429518,1.2322080438025296,18.666190011160666
304661.735975458,2.040666004177183,1.3435420114547014,18.666190011160666
304661.7703315,2.2312920191325247,1.1067080195061862,18.666190011160666
304661.804282916,2.0691250101663172,1.2242500088177621,18.666190011160666
304661.838644375,2.0035839988850057,1.311791012994945,18.666190011160666
304661.872209708,1.9999590003862977,1.2532499968074262,18.666190011160666
304661.906583583,2.5063329958356917,1.2583340285345912,18.666190011160666
304661.940937666,1.6012500273063779,1.2420839630067348,18.666190011160666
304661.975300625,2.4738750071264803,1.281999982893467,18.666190011160666
304662.009664875,2.161541022360325,1.3175419881008565,18.666190011160666
304662.044021375,2.1029580384492874,1.2764169950969517,18.666190011160666
304662.078261666,1.986792020034045,1.25195796135813,18.666190011160666
304662.112616666,2.140624972525984,1.2517499853856862,18.666190011160666
304662.146981916,2.0235420088283718,1.2797499657608569,18.666190011160666
304662.18133575,1.9862909684889019,1.2662920053116977,18.666190011160666
304662.215690416,1.9357079872861505,1.2692500022239983,18.666190011160666
304662.250045458,1.953416969627142,1.212832983583212,18.666190011160666
304662.284444083,1.9938339828513563,1.240458048414439,18.666190011160666
304662.318434541,2.4987090146169066,1.2600409681908786,18.666190011160666
304662.352807875,2.3460829979740083,1.276958966627717,18.666190011160666
304662.386847541,1.9242499838583171,1.2475409894250333,18.666190011160666
304662.421004166,2.3044170229695737,1.281249977182597,18.666190011160666
304662.454694,2.594958001282066,1.2820420088246465,18.666190011160666
304662.489061916,2.3317920276895165,1.2492499663494527,18.666190011160666
304662.523423708,2.316041965968907,1.2695830082520843,18.666190011160666
304662.557000916,2.3170839995145798,1.2605409719981253,18.666190011160666
304662.590958333,2.321459003724158,1.2319579836912453,18.666190011160666
304662.624749625,2.503333962522447,1.269041036721319,18.666190011160666
304662.659129,2.5434999843128026,1.2566249934025109,18.666190011160666
304662.693508125,2.4815830402076244,1.2853749794885516,18.666190011160666
304662.727873958,2.416416013147682,1.2627090327441692,18.666190011160666
304662.76172475,2.413625014014542,1.2624579831026495,18.666190011160666
304662.795339291,1.96749996393919,1.2677499908022583,18.666190011160666
304662.829694083,1.3491670251823962,1.240124984178692,18.666190011160666
304662.8640525,1.2214170419611037,1.2410409981384873,18.666190011160666
304662.898403791,1.2293749605305493,1.2461250298656523,18.666190011160666
304662.932751,1.3133329921402037,1.2732080067507923,18.666190011160666
304662.96710225,1.6162089887075126,1.2592499842867255,18.666190011160666
304663.001467458,1.9362919847480953,1.2782500125467777,18.666190011160666
304663.035045958,2.3356250021606684,1.2529590167105198,18.666190011160666
304663.068952208,1.9531669677235186,1.2414160300977528,18.666190011160666
304663.103313208,1.7412090091966093,1.2645000242628157,18.666190011160666
304663.136965875,2.241542038973421,1.256332965567708,18.666190011160666
304663.171084083,2.2937500034458935,1.255541981663555,18.666190011160666
304663.204654791,2.204249962233007,1.2811670312657952,18.666190011160666
304663.238774625,2.1085829939693213,1.2598329922184348,18.666190011160666
304663.273157291,1.8609999679028988,1.4240420423448086,18.666190011160666
304663.307530416,2.134542039129883,1.2461659498512745,18.666190011160666
304663.341254833,2.163291967008263,1.2592910206876695,18.666190011160666
304663.375610583,2.1128750522620976,1.2816659873351455,18.666190011160666
304663.410013583,1.998291991185397,1.2622500071302056,18.666190011160666
304663.444374458,2.0560830016620457,1.2550419778563082,18.666190011160666
304663.478516708,2.1352499607019126,1.259292010217905,18.666190011160666
304663.512606166,1.9860410247929394,1.2420419952832162,18.666190011160666
304663.5469675,2.1093329996801913,1.3994170003570616,18.666190011160666
304663.581342541,2.2415000130422413,1.2580420006997883,18.666190011160666
304663.614780125,2.0382500370033085,1.2768330052495003,18.666190011160666
304663.649165291,2.162167045753449,1.2639579945243895,18.666190011160666
304663.683524125,2.0958329550921917,1.2554580462165177,18.666190011160666
304663.717891583,2.0990410121157765,1.2629999546334147,18.666190011160666
304663.751392666,2.2877909941598773,1.2511669774539769,18.666190011160666
304663.785111875,2.178833994548768,1.2787500163540244,18.666190011160666
304663.81948,2.2076249588280916,1.2578750029206276,18.666190011160666
304663.853841,2.1849999902769923,1.3659580145031214,18.666190011160666
304663.888223083,2.2850829991512,1.2157079763710499,18.666190011160666
304663.922182708,2.0965419826097786,1.2456660042516887,18.666190011160666
304663.955659125,2.240500005427748,1.2672500452026725,18.666190011160666
304663.990027833,2.2801249870099127,1.2550840037874877,18.666190011160666
304664.024403833,2.1290419972501695,1.2417500256560743,18.666190011160666
304664.058791666,2.0658749854192138,1.2726670247502625,18.666190011160666
304664.093159833,2.202457981184125,1.2580420006997883,18.666190011160666
304664.127522875,1.958208973519504,1.250915986020118,18.666190011160666
304664.161663166,2.033041964750737,1.2717500212602317,18.666190011160666
304664.196022291,2.2786250337958336,1.2568329693749547,18.666190011160666
304664.230390541,1.9996250048279762,1.2580829788930714,18.666190011160666
304664.264753666,2.2691249614581466,1.3620840036310256,18.666190011160666
304664.298259916,2.4291250156238675,1.266416977159679,18.666190011160666
304664.332620958,2.2424160270020366,1.2727919965982437,18.666190011160666
304664.366983666,2.1185000077821314,1.2803340214304626,18.666190011160666
304664.401018833,2.178708033170551,1.2631670106202364,18.666190011160666
304664.434684333,1.8306670244783163,1.3337080017663538,18.666190011160666
304664.469039291,1.9526249961927533,1.2635410530492663,18.666190011160666
304664.503397833,2.2611249587498605,1.2842920259572566,18.666190011160666
304664.537771333,2.405459003057331,1.1930830078199506,18.666190011160666
304664.572132583,2.108750049956143,1.2616669991984963,18.666190011160666
304664.6064965,2.1517500281333923,1.257791998796165,18.666190011160666
304664.640862916,2.26620800094679,1.288917032070458,18.666190011160666
304664.675227791,2.138500043656677,1.2642499641515315,18.666190011160666
304664.709604958,2.2806249908171594,1.287541992496699,18.666190011160666
304664.743977041,2.294709032867104,1.2338749947957695,18.666190011160666
304664.778310416,2.203750016633421,1.2560830218717456,18.666190011160666
304664.812122458,2.4368749582208693,1.2302499962970614,18.666190011160666
304664.845926291,1.722582965157926,1.2272080057300627,18.666190011160666
304664.879887791,2.2206249996088445,1.2379169929772615,18.666190011160666
304664.914262958,2.488124999217689,1.249499968253076,18.666190011160666
304664.948468041,2.6106660370714962,1.2803339632228017,18.666190011160666
304664.982849875,2.5878329761326313,1.261125027667731,18.666190011160666
304665.016820708,2.1619590115733445,1.312832988332957,18.666190011160666
304665.055301916,1.748582988511771,1.2286250130273402,18.666190011160666
304665.089671583,1.2969590025022626,1.25195796135813,18.666190011160666
304665.124032291,2.175333967898041,1.2558749876916409,18.666190011160666
304665.158393041,1.9840419990941882,1.273666974157095,18.666190011160666
304665.192760833,2.5563749950379133,1.2844590237364173,18.666190011160666
304665.226231458,3.4014999982900918,1.3410840183496475,18.666190011160666
304665.260310458,2.170249994378537,1.2735829805023968,18.666190011160666
304665.2946825,2.3985830484889448,1.2745419517159462,18.666190011160666
304665.329039375,2.3161250283010304,1.2741249520331621,18.666190011160666
304665.362966041,2.209666999988258,1.270415959879756,18.666190011160666
304665.397335375,1.5469579957425594,1.2687920243479311,18.666190011160666
304665.431684791,1.494083961006254,1.2641660287044942,18.666190011160666
304665.466056375,1.7615410033613443,1.2744590057991445,18.666190011160666
304665.500420708,2.2067909594625235,1.2804170255549252,18.666190011160666
304665.534796458,2.3835410247556865,1.272708992473781,18.666190011160666
304665.569165833,2.268750045914203,1.262083009351045,18.666190011160666
304665.602669375,2.259874949231744,1.242583035491407,18.666190011160666
304665.636263208,1.479041005950421,1.259292010217905,18.666190011160666
304665.670643666,1.543042017146945,1.2705830158665776,18.666190011160666
304665.705005333,1.574082998558879,1.2305419659242034,18.666190011160666
304665.739230666,2.28208297630772,1.2463330058380961,18.666190011160666
304665.773598833,2.171000000089407,1.2761669931933284,18.666190011160666
304665.807905208,2.4561670143157244,1.2630829587578773,18.666190011160666
304665.842267083,2.2715420345775783,1.2478329590521753,18.666190011160666
304665.876622833,2.027084003202617,1.2634579907171428,18.666190011160666
304665.910460916,2.20566603820771,1.2545419740490615,18.666190011160666
304665.944821583,2.3783749784342945,1.2669170391745865,18.666190011160666
304665.978792583,2.495374996215105,1.2533330009318888,18.666190011160666
304666.013151458,1.698958978522569,1.3125829864293337,18.666190011160666
304666.046998958,2.247750002425164,1.2678339844569564,18.666190011160666
304666.081365166,2.1576249855570495,1.2626249808818102,18.666190011160666
304666.115322708,2.1011249627918005,1.2650000280700624,18.666190011160666
304666.149689958,2.432042034342885,1.2535409769043326,18.666190011160666
304666.184067416,2.491749997716397,1.2909579672850668,18.666190011160666
304666.218426,2.1185840014368296,1.255915965884924,18.666190011160666
304666.252406916,2.0713339908979833,1.2623749789781868,18.666190011160666
304666.286309125,2.6223749737255275,1.2584580108523369,18.666190011160666
304666.320682875,2.434791997075081,1.2637500185519457,18.666190011160666
304666.354056125,2.156167000066489,1.22487498447299,18.666190011160666
304666.387614333,2.5558749912306666,1.275166985578835,18.666190011160666
304666.421293875,2.4211250129155815,1.2625419767573476,18.666190011160666
304666.454756666,2.4158330052159727,1.2587080127559602,18.666190011160666
304666.488764916,2.11162498453632,1.2801249977201223,18.578277923248578
304666.52284075,2.0990000339224935,1.2556249857880175,18.578277923248578
304666.55676275,2.4549589725211263,1.2704579858109355,18.578277923248578
304666.591149208,2.4284159881062806,1.3379590236581862,18.578277923248578
304666.625518208,2.15983297675848,1.2942079920321703,18.578277923248578
304666.659805833,2.1329159499146044,1.2579589965753257,18.578277923248578
304666.693215958,2.180500014219433,1.2693749740719795,18.578277923248578
304666.727085458,2.3034579935483634,1.2477919808588922,18.578277923248578
304666.761452666,2.2459590109065175,1.2826250167563558,18.578277923248578
304666.795055625,2.2192500182427466,1.245083985850215,18.578277923248578
304666.82905825,2.3778750328347087,1.2705419794656336,18.578277923248578
304666.863433458,2.4687910336069763,1.3383339974097908,18.578277923248578
304666.897802708,2.448334009386599,1.2450829963199794,18.578277923248578
304666.93217775,2.1645420347340405,1.2772079790011048,18.578277923248578
304666.966538333,2.0816250471398234,1.248457992915064,18.578277923248578
304667.000920708,2.299250045325607,1.305541954934597,18.578277923248578
304667.034739375,2.390792011283338,1.2680829968303442,18.578277923248578
304667.069120041,2.4865000159479678,1.2619579792954028,18.578277923248578
304667.103472916,2.2674580104649067,1.2947499635629356,18.578277923248578
304667.137844125,2.150417014490813,1.3079159543849528,18.578277923248578
304667.172174291,2.462333010043949,1.2819170369766653,18.578277923248578
304667.206097125,2.369541965890676,1.2563750497065485,18.578277923248578
304667.240082833,2.4759999942034483,1.3094590394757688,18.578277923248578
304667.274445458,2.454000001307577,1.2489170185290277,18.578277923248578
304667.308810875,2.5527499965392053,1.2315419735386968,18.578277923248578
304667.3431775,2.2362080053426325,1.2839999981224537,18.578277923248578
304667.377019583,2.210749953519553,1.2493330286815763,18.578277923248578
304667.410539541,2.1199589828029275,1.284250000026077,18.578277923248578
304667.444368958,2.511707949452102,1.2839590199291706,18.578277923248578
304667.477778375,2.4957500281743705,1.2575419968925416,18.578277923248578
304667.511182583,2.1060419967398047,1.2519159936346114,18.578277923248578
304667.545553333,2.288083953317255,1.240458048414439,18.578277923248578
304667.57950225,2.1407080348581076,1.2529169907793403,18.578277923248578
304667.613879166,2.352625015191734,1.2790830223821104,18.578277923248578
304667.6473915,2.542708010878414,1.2630840064957738,18.578277923248578
304667.681770208,2.423583995550871,1.2387500028125942,18.578277923248578
304667.715316458,1.9542090012691915,1.2652500299736857,18.578277923248578
304667.749693375,2.4321670061908662,1.27083295956254,18.578277923248578
304667.784056333,2.297749975696206,1.259333046618849,18.578277923248578
304667.818419416,1.4301660121418536,1.2386669986881316,18.578277923248578
304667.852761666,1.2128750095143914,1.2504159822128713,18.578277923248578
304667.887124541,1.295416965149343,1.2455830001272261,18.578277923248578
304667.921475,1.3292080257087946,1.2725419946946204,18.578277923248578
304667.955829,1.3601669925265014,1.2701250379905105,18.578277923248578
304667.990204541,1.6918749897740781,1.288541010580957,18.578277923248578
304668.024569625,2.2032500128261745,1.2677909689955413,18.578277923248578
304668.0589775,2.0749170216731727,1.308874983806163,18.578277923248578
304668.093354041,2.1891670185141265,1.261750003322959,18.578277923248578
304668.127723916,1.8717920174822211,1.2620000052265823,18.578277923248578
304668.1616725,2.2985420073382556,1.2445410247892141,18.578277923248578
304668.1956325,2.1773340413346887,1.2582499766722322,18.578277923248578
304668.230011583,2.159584022592753,1.2839999981224537,18.578277923248578
304668.264401625,1.9032919663004577,1.2648330302909017,18.578277923248578
304668.298078875,2.162999997381121,1.256040995940566,18.578277923248578
304668.332312125,2.120832970831543,1.2571250554174185,18.578277923248578
304668.366132583,2.2280829725787044,1.2399170082062483,18.578277923248578
304668.400494875,2.1340830135159194,1.2749999877996743,18.578277923248578
304668.434145,2.089250017888844,1.2554579880088568,18.578277923248578
304668.468065041,2.1784999989904463,1.2543749762699008,18.578277923248578
304668.501597541,2.3782909847795963,1.3068750267848372,18.578277923248578
304668.535056958,2.08679202478379,1.2802499695681036,18.578277923248578
304668.569422291,2.2555829491466284,1.250667031854391,18.578277923248578
304668.603792333,2.1187500096857548,1.2553330161608756,18.578277923248578
304668.638148708,2.0058329682797194,1.2941250461153686,18.666190011160666
304668.672519708,2.269042015541345,1.2005000025965273,18.666190011160666
304668.706886833,2.091499976813793,1.3253749930299819,18.666190011160666
304668.74086775,2.226750017143786,1.3024169602431357,18.666190011160666
304668.775233041,2.158000017516315,1.2652089935727417,18.666190011160666
304668.809036083,2.2367500350810587,1.3250000192783773,18.666190011160666
304668.843407625,2.770415972918272,1.3103749952279031,18.666190011160666
304668.87777225,2.387083019129932,1.2988329981453717,18.666190011160666
304668.912135791,2.1457079565152526,1.2532920227386057,18.666190011160666
304668.946497916,1.9878330058418214,1.266458013560623,18.666190011160666
304668.980862541,2.3760420153848827,1.2479159631766379,18.666190011160666
304669.014993458,2.1901659783907235,1.2529170489870012,18.666190011160666
304669.04881625,2.048291964456439,1.280333031900227,18.666190011160666
304669.082214541,2.200875023845583,1.2520409654825926,18.666190011160666
304669.115611125,2.0424160175025463,1.301624986808747,18.666190011160666
304669.149025166,2.046459005214274,1.253750000614673,18.666190011160666
304669.183385333,2.249874989502132,1.2492089881561697,18.666190011160666
304669.217757541,2.2358749993145466,1.2544580386020243,18.666190011160666
304669.251734708,2.0864580292254686,1.2589169782586396,18.666190011160666
304669.286104708,2.151207998394966,1.2738749501295388,18.666190011160666
304669.320463166,2.301874978002161,1.2618330074474216,18.666190011160666
304669.354163416,2.494291984476149,1.2629160191863775,18.666190011160666
304669.388323083,1.9999169744551182,1.262083009351045,18.666190011160666
304669.422693875,2.0277080475352705,1.3324999599717557,18.666190011160666
304669.457061041,2.1237499895505607,1.298332994338125,18.666190011160666
304669.491420291,2.113000024110079,1.4152079820632935,18.666190011160666
304669.525489041,2.0881250384263694,1.2678749626502395,18.666190011160666
304669.559849083,2.2171249729581177,1.299459021538496,18.666190011160666
304669.59421175,2.168959006667137,1.2551660183817148,18.666190011160666
304669.628266875,2.074457996059209,1.2685839901678264,18.666190011160666
304669.662634458,2.118083997629583,1.273999980185181,18.666190011160666
304669.696991083,1.9477910245768726,1.2426669709384441,18.666190011160666
304669.731370125,2.126667008269578,1.2424999731592834,18.666190011160666
304669.765236208,2.11537501309067,1.256665971595794,18.666190011160666
304669.799593458,1.783291983883828,1.2789170141331851,29.822134387351777
304669.833989416,2.451959007885307,1.267957966774702,29.361001317523055
304669.868363875,2.078582998365164,1.2985420180484653,27.911725955204215
304669.902738958,2.3820410133339465,1.2732499744743109,25.47430830039526
304669.937107125,2.2323750308714807,1.266416977159679,22.90513833992095
304669.971474625,2.0594170200638473,1.2746659922413528,20.533596837944664
304670.00583375,1.8451669602654874,1.296917034778744,18.666190011160666
304670.040203541,2.361792023293674,1.1917910305783153,18.666190011160666
304670.074576958,2.195207984186709,1.3293339870870113,18.666190011160666
304670.108731416,2.34250002540648,1.2865000171586871,18.666190011160666
304670.143107791,1.1713329586200416,1.2521250173449516,18.666190011160666
304670.177461416,1.3745829928666353,1.2740420061163604,18.666190011160666
304670.211827708,2.0626250188797712,1.240084005985409,18.666190011160666
304670.246189375,2.036041987594217,1.278415962588042,18.666190011160666
304670.28055225,2.153416979126632,1.2513750116340816,18.666190011160666
304670.314917791,2.3878750507719815,1.2400829582475126,18.666190011160666
304670.349286166,2.300958032719791,1.259957964066416,18.666190011160666
304670.383651333,2.192332991398871,1.254500006325543,18.666190011160666
304670.418023833,2.2445410140790045,1.253708964213729,18.666190011160666
304670.452390333,2.3740000324323773,1.3914169976487756,19.25347610895813
304670.486082041,2.385250001680106,1.2670840369537473,24.09090909090909
304670.520448875,2.166750025935471,1.2689579743891954,24.552042160737813
304670.55385725,1.916959008667618,1.2762079713866115,23.563899868247695
304670.588222125,1.9826249917969108,1.298666000366211,21.324110671936758
304670.622589208,1.8961660098284483,1.2752090115100145,18.8866930171278
304670.65621725,2.3112500202842057,1.2699170038104057,18.666190011160666
304670.69058175,2.3532499908469617,1.2654580059461296,18.666190011160666
304670.724944,2.22229101927951,1.3022919883951545,18.666190011160666
304670.758327625,1.9924999796785414,1.2913329992443323,18.666190011160666
304670.791759208,2.2054999717511237,1.2311660102568567,18.666190011160666
304670.825273375,2.182291995268315,1.2916669948026538,18.666190011160666
304670.858728958,2.86545796552673,1.2782500125467777,18.666190011160666
304670.893095875,2.1355829667299986,1.2594590079970658,18.666190011160666
304670.927454458,2.1685410174541175,1.2456669937819242,18.666190011160666
304670.961814166,2.295083017088473,1.294041983783245,18.666190011160666
304670.996184833,2.6486670249141753,1.2163330102339387,18.666190011160666
304671.030553125,1.9237499800510705,1.2519999872893095,18.666190011160666
304671.064471083,2.1665829699486494,1.2779170065186918,18.666190011160666
304671.098840708,2.0781659986823797,1.263833953998983,18.666190011160666
304671.133204708,2.1796670043841004,1.2579160393215716,18.666190011160666
304671.166850708,2.3902920074760914,1.2633749865926802,18.666190011160666
304671.201221916,2.2423749906010926,1.2561249895952642,18.666190011160666
304671.235582625,1.970082987099886,1.2518339790403843,18.666190011160666
304671.26995075,2.483125019352883,1.1011659516952932,18.666190011160666
304671.303890833,2.1828750032000244,1.2465830077417195,18.666190011160666
304671.338252958,2.1718330099247396,1.2667090049944818,18.666190011160666
304671.372349625,2.198916976340115,1.2580410111695528,18.666190011160666
304671.406734666,2.227666962426156,1.2200410128571093,18.666190011160666
304671.441111208,2.0378329791128635,1.3056670431979,18.666190011160666
304671.47547475,2.2830000380054116,1.2560419854708016,18.666190011160666
304671.50985425,2.2197079961188138,1.2768750311806798,18.666190011160666
304671.544220458,2.0312080159783363,1.272916968446225,18.666190011160666
304671.578578666,2.101499994751066,1.2559579918161035,18.666190011160666
304671.612216083,2.0124170114286244,1.2865419848822057,18.666190011160666
304671.645854083,2.0227920031175017,1.2752920156344771,18.666190011160666
304671.679498875,2.474209002684802,1.1929160100407898,18.666190011160666
304671.713728041,2.205124997999519,1.261875033378601,18.666190011160666
304671.747090833,2.4026670143939555,1.2166659580543637,18.666190011160666
304671.781031333,2.2842499893158674,1.2050000368617475,18.666190011160666
304671.815397916,2.1732919849455357,1.2610830017365515,18.666190011160666
304671.849776,2.247624972369522,1.2765409774146974,18.666190011160666
304671.884146583,2.0512500195764005,1.2424580054357648,18.666190011160666
304671.918511666,1.884041994344443,1.3308749767020345,18.666190011160666
304671.952873708,2.2055829758755863,1.2601670459844172,27.64822134387352
304671.986239333,2.2117499611340463,1.2461250298656523,27.911725955204215
304672.020620375,2.4439580156467855,1.1471670004539192,26.857707509881426
304672.054980958,1.8885830068029463,1.2627499527297914,24.617918313570488
304672.089334958,1.9737499533221126,1.288666040636599,22.114624505928855
304672.12369825,2.2958340123295784,1.2764579732902348,19.677206851119895
304672.15767025,2.2875419817864895,1.2722499668598175,18.666190011160666
304672.192045416,1.9670419860631227,1.2526670470833778,18.666190011160666
304672.226421666,2.316333004273474,1.2592090060934424,18.666190011160666
304672.260786958,1.999499974772334,1.2582080089487135,18.666190011160666
304672.294271625,2.158457995392382,1.2546249781735241,18.666190011160666
304672.327718916,2.1549169905483723,1.295417023357004,18.666190011160666
304672.362247458,2.240459027234465,1.259665994439274,18.666190011160666
304672.39606225,2.1739170188084245,1.2468330096453428,18.666190011160666
304672.430431,2.0134589867666364,1.2599999899975955,18.666190011160666
304672.464795958,2.2464999929070473,1.260249991901219,18.666190011160666
304672.499164625,1.947999990079552,1.2778330128639936,18.666190011160666
304672.532775833,2.2794160176999867,1.2445839820429683,18.666190011160666
304672.567138291,2.122916979715228,1.2296659988351166,18.666190011160666
304672.601384666,2.105874998960644,1.2553330161608756,18.666190011160666
304672.635764833,2.200125018134713,1.2488749925978482,18.666190011160666
304672.669477291,2.1512910025194287,1.2575840228237212,18.666190011160666
304672.703838708,2.131708024535328,1.305124955251813,18.666190011160666
304672.737459458,2.1189170074649155,1.254500006325543,18.666190011160666
304672.771835,2.222459006588906,1.2457079719752073,18.666190011160666
304672.805222083,1.2888750061392784,1.2265000259503722,18.666190011160666
304672.839580083,1.208916015457362,1.2539169983938336,18.666190011160666
304672.873946541,1.1960829724557698,1.308417005930096,18.666190011160666
304672.9082975,1.2454590178094804,1.255582959856838,18.666190011160666
304672.942652208,1.3495000312104821,1.2687909766100347,18.666190011160666
304672.977010458,1.5646250103600323,1.2268749997019768,18.666190011160666
304673.011365458,1.7441249801777303,1.3080000062473118,18.666190011160666
304673.045729,2.2112909937277436,1.3168749865144491,18.666190011160666
304673.079427708,1.7564999870955944,1.2584590003825724,18.666190011160666
304673.112918833,1.7992500215768814,1.2517499853856862,18.666190011160666
304673.146479583,2.4451659992337227,1.29145901883021,18.666190011160666
304673.180850208,1.8513339455239475,1.2819580151699483,18.666190011160666
304673.214229333,1.6179580125026405,1.256291987374425,18.666190011160666
304673.248144041,1.724708010442555,1.2747090077027678,18.666190011160666
304673.282505,2.180541050620377,1.2410419876687229,18.666190011160666
304673.316873125,2.177166985347867,1.2485000188462436,18.666190011160666
304673.351231666,2.101540972944349,1.2593339779414237,18.666190011160666
304673.38507275,2.2742499713785946,1.2731670285575092,18.666190011160666
304673.419434458,2.090584021061659,1.2702079839073122,18.666190011160666
304673.45379375,2.155291964299977,1.2334579951129854,18.666190011160666
304673.488157583,1.6992919845506549,1.2818750110454857,18.666190011160666
304673.522161458,2.071333001367748,1.2552079861052334,18.666190011160666
304673.55652325,1.902832998894155,1.2655419996008277,18.666190011160666
304673.59088275,2.285375026986003,1.2731669703498483,18.666190011160666
304673.624695666,2.1904590539634228,1.2561249895952642,18.666190011160666
304673.659068541,2.245957963168621,1.2429580092430115,18.666190011160666
304673.693386208,2.2314999951049685,1.278041978366673,18.666190011160666
304673.727745958,2.0179160055704415,1.3605839922092855,18.666190011160666
304673.761687875,1.9337499979883432,1.2640830245800316,18.666190011160666
304673.7960495,1.6951250145211816,1.2305830023251474,18.666190011160666
304673.829997333,1.7378750490024686,1.2173339491710067,18.666190011160666
304673.86435575,1.632500032428652,1.298624963965267,18.666190011160666
304673.898709833,1.6712920041754842,1.3488329714164138,18.666190011160666
304673.933081291,1.9224169664084911,1.291833003051579,18.666190011160666
304673.967440125,2.2511669667437673,1.2612499995157123,18.666190011160666
304674.001041625,2.1178339957259595,1.2915830011479557,18.666190011160666
304674.034477208,2.076708013191819,1.2529999949038029,18.666190011160666
304674.068836916,2.1165419602766633,1.2681250227615237,18.666190011160666
304674.103202208,1.9540000357665122,1.3265410088934004,18.666190011160666
304674.137569583,2.126124978531152,1.255208975635469,18.666190011160666
304674.170948416,2.2929160040803254,1.2332500191405416,18.666190011160666
304674.205305958,2.0930839818902314,1.3187080039642751,18.666190011160666
304674.238881458,1.9844169728457928,1.265708007849753,18.666190011160666
304674.273240666,2.153749985154718,1.2605420197360218,18.666190011160666
304674.307611916,2.289625001139939,1.3017080491408706,18.666190011160666
304674.341159333,2.0426249830052257,1.2616660096682608,18.666190011160666
304674.375539083,2.010916010476649,1.2529999949038029,18.666190011160666
304674.409911541,2.100332989357412,1.2812089989893138,18.666190011160666
304674.443854333,2.3316669976338744,1.3046250096522272,18.666190011160666
304674.477877875,2.1613750141113997,1.2522499891929328,18.666190011160666
304674.512248625,1.8594160210341215,1.258959004189819,18.666190011160666
304674.545650208,2.1277079940773547,1.297874958254397,18.666190011160666
304674.579586458,1.6472089919261634,1.251625013537705,18.666190011160666
304674.613940166,1.8078749999403954,1.2781670084223151,18.666190011160666
304674.648301333,2.035499957855791,1.2604580260813236,18.666190011160666
304674.682662125,2.064000000245869,1.346041972283274,18.666190011160666
304674.716607458,2.029958995990455,1.2635410530492663,18.666190011160666
304674.750162708,5.801874969620258,1.3035830343142152,18.666190011160666
304674.784536291,1.9464590004645288,1.2166249798610806,18.666190011160666
304674.818522958,2.113458001986146,1.2390000047162175,18.666190011160666
304674.852195875,2.017208025790751,1.2639999622479081,18.666190011160666
304674.88656375,2.0047909929417074,1.271250017452985,18.666190011160666
304674.920922125,1.733417040668428,1.2552919797599316,18.666190011160666
304674.9545765,2.122374949976802,1.226667023729533,18.666190011160666
304674.989163791,1.5422090073116124,1.2642079964280128,18.666190011160666
304675.0235365,1.794333045836538,1.2582080089487135,18.666190011160666
304675.057894666,1.4878750080242753,1.226708001922816,18.666190011160666
304675.092246625,1.5468329656869173,1.254625036381185,18.666190011160666
304675.126606083,1.5786670264787972,1.232874987181276,18.666190011160666
304675.160654791,1.4506250154227018,1.2134999851696193,18.666190011160666
304675.194539833,1.4536669477820396,1.3284580199979246,18.666190011160666
304675.2288935,1.6109580174088478,1.2212920119054615,18.666190011160666
304675.263248916,1.6808329964987934,1.2558749876916409,18.666190011160666
304675.297611625,2.41779099451378,1.237542019225657,18.666190011160666
304675.331988541,2.3499579983763397,1.2533750268630683,18.666190011160666
304675.36607075,2.163624973036349,1.2607499957084656,18.666190011160666
304675.400449541,2.3800830240361392,1.2755829957313836,18.666190011160666
304675.434829666,2.562624984420836,1.2688750284723938,18.666190011160666
304675.468375333,2.471916959621012,1.3069580309092999,18.666190011160666
304675.502762041,2.271417004521936,1.2761249672621489,18.666190011160666
304675.537144916,2.4835829972289503,1.279874995816499,18.666190011160666
304675.571522666,2.5748329935595393,1.278791984077543,18.666190011160666
304675.605571666,2.6411250000819564,1.1747920070774853,18.666190011160666
304675.63995625,1.6249589971266687,1.2562079937197268,18.666190011160666
304675.674334291,1.8027500482276082,1.254458969924599,18.666190011160666
304675.708704666,1.98862497927621,1.3637500233016908,18.666190011160666
304675.742592708,2.268416981678456,1.2732499744743109,18.666190011160666
304675.776964458,2.254582999739796,1.2849170016124845,18.666190011160666
304675.81094225,2.3642079904675484,1.272916968446225,18.666190011160666
304675.844580041,2.0592499640770257,1.3251249911263585,18.666190011160666
304675.878936,2.5206669815815985,1.2799579999409616,18.666190011160666
304675.912723791,2.877167018596083,1.2367080198600888,18.666190011160666
304675.9470875,2.8017499716952443,1.2592910206876695,18.666190011160666
304675.980727333,2.5353329838253558,1.2730000307783484,18.666190011160666
304676.015097166,2.086375025101006,1.267916988581419,18.666190011160666
304676.048580541,2.3918329970911145,1.2927090283483267,18.666190011160666
304676.08293975,2.265124989207834,1.2772079790011048,18.666190011160666
304676.117304958,2.4685829994268715,1.2141249608248472,18.666190011160666
304676.1507195,2.3735410068184137,1.2648340198211372,18.666190011160666
304676.185088666,1.9102499936707318,1.281999982893467,18.666190011160666
304676.218488333,2.303166955243796,1.2595830485224724,18.666190011160666
304676.251936375,1.9257499952800572,1.256333023775369,18.666190011160666
304676.285728041,2.226749958936125,1.2294170446693897,18.666190011160666
304676.320095583,1.9762919982895255,1.2602919596247375,18.666190011160666
304676.354459458,2.2742089931853116,1.2065829942002892,18.666190011160666
304676.388825708,2.2920829942449927,1.2793749920092523,18.666190011160666
304676.423195291,2.0080420072190464,1.2463330058380961,29.624505928853758
304676.456772625,2.3742079501971602,1.273375004529953,29.163372859025035
304676.491135916,2.3137920070439577,1.2565000215545297,27.77997364953887
304676.525037291,1.9489579717628658,1.2854170054197311,25.540184453227933
304676.559392291,1.9065419910475612,1.2829999905079603,23.036890645586297
304676.593364791,2.3590829805471003,1.2711670133285224,20.59947299077734
304676.627731875,2.5032080011442304,1.2773750349879265,18.666190011160666
304676.662102166,2.542249974794686,1.2947089853696525,18.666190011160666
304676.69647475,2.252000034786761,1.2670419528149068,18.666190011160666
304676.730836416,2.2044169600121677,1.3308330089785159,18.666190011160666
304676.765207375,2.2421660250984132,1.2609169934876263,18.666190011160666
304676.799579541,2.234749961644411,1.2844580342061818,18.666190011160666
304676.833696416,2.3492079926654696,1.2434169766493142,18.75260774381863
304676.868071375,2.191124949604273,1.2920000008307397,19.502665425394866
304676.902436458,2.362790983170271,1.2760420213453472,20.502665425394866
304676.936101041,2.2182920365594327,1.2458330020308495,21.502665425394866
304676.970462125,2.325707988347858,1.2465000036172569,22.502665425394866
304677.004819875,1.8734170007519424,1.3487079995684326,23.502665425394866
304677.03857875,1.965791976545006,1.2637500185519457,24.502665425394866
304677.07295525,2.2584169637411833,1.2657910119742155,25.502665425394866
304677.106449875,2.0232919487170875,1.2530830572359264,26.502665425394866
304677.140816291,2.32749996939674,1.2787089799530804,27.502665425394866
304677.175196041,1.5211250283755362,1.2759999954141676,28.502665425394866
304677.209563208,1.7350419657304883,1.2634579907171428,29.502665425394866
304677.243536,2.087624976411462,1.2859590351581573,29.81316937457069
304677.277901416,1.8646250246092677,1.275499991606921,29.657835572630447
304677.311678791,2.318291983101517,1.2764580314978957,29.16637244591341
304677.346040708,2.252791018690914,1.287541992496699,28.674909319196374
304677.380412208,1.9565830007195473,1.2641670182347298,28.36443890582069
304677.414336791,2.3507499718107283,1.272665977012366,28.209105103880447
304677.448697208,2.03987502027303,1.275499991606921,28.17443311083443
304677.483066583,2.344458014704287,1.2509169755503535,28.156998519059016
304677.517424916,2.177832997404039,1.25420797849074,28.139563927283604
304677.5514195,2.2652919869869947,1.2509170337580144,28.12212933550819
304677.585794166,2.325958979781717,1.3082500081509352,28.10469474373278
304677.620168208,2.0999580156058073,1.2773339985869825,28.10469474373278
304677.654543125,2.025458961725235,1.2690830044448376,28.10469474373278
304677.688530208,1.8900000141002238,1.245874969754368,28.10469474373278
304677.722906875,2.2638330119661987,1.2550829560495913,28.10469474373278
304677.757262916,2.239458030089736,1.256749965250492,28.10469474373278
304677.791617166,1.7318330355919898,1.2539999443106353,28.10469474373278
304677.82597375,1.3716249959543347,1.3219579705037177,28.10469474373278
304677.86033025,1.2378329993225634,1.2450420181266963,28.10469474373278
304677.894684541,1.322583993896842,1.2722500250674784,28.10469474373278
304677.929028916,1.2724580010399222,1.2751250178553164,28.10469474373278
304677.96338425,1.4481249963864684,1.2597080203704536,28.10469474373278
304677.99775525,1.5367920277640224,1.2439159909263253,28.10469474373278
304678.0314115,1.7761249910108745,1.2565420474857092,28.10469474373278
304678.065772833,2.0648339996114373,1.250875007826835,28.10469474373278
304678.100133625,1.794499985408038,1.2827920145355165,28.10469474373278
304678.134497666,2.0050830207765102,1.2457919656299055,28.10469474373278
304678.168861125,2.208458026871085,1.293207984417677,28.10469474373278
304678.203255166,2.1346670109778643,1.2447499902918935,28.10469474373278
304678.237650708,2.2199589875526726,1.244832994416356,28.10469474373278
304678.272012625,2.250167017336935,1.278500014450401,28.10469474373278
304678.306402125,2.126290986780077,1.2695000041276217,28.10469474373278
304678.340770291,2.2246669977903366,1.2920830049552023,28.052785349416155
304678.375114333,1.9645420252345502,1.2671659933403134,27.93192635001712
304678.409478083,2.2987909615039825,1.2653340236283839,27.81106735061809
304678.443847958,2.2680420079268515,1.2702500098384917,27.690208351219056
304678.478220041,2.1641250350512564,1.2536249705590308,27.569349351820023
304678.511806416,2.2059589973650873,1.240040990523994,27.44849035242099
304678.546171125,1.848875021096319,1.2771249748766422,27.327631353021957
304678.580163708,2.337458950933069,1.2330830213613808,27.206772353622924
304678.61452625,2.079708967357874,1.2477500131353736,27.08591335422389
304678.648890875,2.1059580030851066,1.2905420153401792,26.965054354824858
304678.683255875,2.2609580191783607,1.2696249759756029,26.844195355425825
304678.717622916,2.1271250443533063,1.2788749882020056,26.723336356026792
304678.751994583,2.021250023972243,1.245874969754368,26.60247735662776
304678.786344208,1.221249985974282,1.2019579880870879,26.481618357228726
304678.820699458,1.769999973475933,1.224834006279707,26.360759357829693
304678.854481166,1.3782919850200415,1.3209580210968852,26.23990035843066
304678.888070625,2.041917003225535,1.2684160028584301,26.119041359031627
304678.922437916,1.8299170187674463,1.256332965567708,25.998182359632594
304678.956811625,2.0914169726893306,1.2645000242628157,25.87732336023356
304678.991187833,2.2580830263905227,1.3239579857327044,25.756464360834528
304679.025565083,2.171625033952296,1.270791981369257,25.635605361435495
304679.059943166,2.297750033903867,1.2567919911816716,25.514746362036462
304679.093528791,2.070375019684434,1.2528749648481607,25.39388736263743
304679.127902833,2.0985000301152468,1.2494580005295575,25.273028363238396
304679.161837625,2.355624979827553,1.258125004824251,25.152169363839363
304679.195955708,2.3258330184035003,1.2556249857880175,25.03131036444033
304679.230334166,2.4405000149272382,1.2234169989824295,24.910451365041297
304679.263993625,2.1696669864468277,1.2801659759134054,24.789592365642264
304679.297547166,2.0495839999057353,1.2822909629903734,24.66873336624323
304679.331006083,2.1358749945648015,1.2794999638572335,24.547874366844198
304679.364983375,2.3568749893456697,1.245542021933943,24.427015367445165
304679.398439,2.4394160136580467,1.256417017430067,24.306156368046132
304679.431961333,2.0968749886378646,1.2547919759526849,24.1852973686471
304679.466339458,2.4150829995051026,1.2696670019067824,24.064438369248066
304679.500710708,2.056540979538113,1.2717920471914113,23.943579369849033
304679.535107958,2.426499966531992,1.2587090022861958,23.82272037045
304679.56947225,1.91837502643466,1.2641249923035502,23.701861371050967
304679.603547666,2.0622920128516853,1.3091249857097864,23.581002371651934
304679.63773675,1.8748340080492198,1.3046250096522272,23.4601433722529
304679.672105291,2.0709169912151992,1.2527919607236981,23.339284372853868
304679.70646425,1.9602919928729534,1.2566249934025109,23.218425373454835
304679.740162875,2.5364580214954913,1.2762919650413096,23.097566374055802
304679.773978958,2.4252079892903566,1.2900839792564511,22.97670737465677
304679.808347791,2.0480829989537597,1.3089170097373426,22.855848375257736
304679.842720291,2.457749971654266,1.2465410400182009,22.734989375858703
304679.876360083,2.265124989207834,1.2880829744972289,22.61413037645967
304679.910752583,2.5382500025443733,1.2667499831877649,22.493271377060637
304679.945111791,2.271000004839152,1.23833300312981,22.372412377661604
304679.979479125,2.50641698949039,1.2763750273734331,22.25155337826257
304680.013337541,1.8063749885186553,1.2495840201154351,22.130694378863538
304680.047708625,1.3478329638019204,1.2335419887676835,22.009835379464505
304680.081627958,1.3762500020675361,1.2327500153332949,21.888976380065472
304680.115998625,1.759874983690679,1.2427500332705677,21.76811738066644
304680.150198583,2.256584004499018,1.245458028279245,21.647258381267406
304680.184559875,1.9247920135967433,1.2787500163540244,21.526399381868373
304680.218927541,1.645416021347046,1.290749991312623,21.40554038246934
304680.253294125,2.030292002018541,1.2607499957084656,21.40554038246934
304680.287648708,2.1125830244272947,1.2865829630754888,21.40554038246934
304680.321191875,1.8437079852446914,1.2550840037874877,21.4402459113155
304680.355550541,2.052374999038875,1.257500029169023,21.500807542067562
304680.38991425,2.0747079979628325,1.236792013514787,21.561369172819624
304680.424289708,2.1320829982869327,1.244042010512203,21.621930803571686
304680.458660125,2.1718330099247396,1.2630840064957738,21.68249243432375
304680.493029708,2.320875006262213,1.2537919683381915,21.74305406507581
304680.527403625,2.2056670277379453,1.2961250031366944,21.803615695827872
304680.561767458,1.338583999313414,1.2127079535275698,21.864177326579934
304680.59613625,2.161624957807362,1.2584170326590538,21.924738957331996
304680.630514375,1.924124953802675,1.2487920466810465,21.98530058808406
304680.664751916,2.2419170127250254,1.2772500049322844,22.04586221883612
304680.699132583,2.504084026440978,1.2574580032378435,22.106423849588182
304680.732938083,2.562417008448392,1.2669999850913882,22.166985480340244
304680.767326291,2.169000043068081,1.288499974180013,22.244784512362912
304680.801701916,2.522249997127801,1.2938340078108013,22.374295748197383
304680.836078625,2.397166972514242,1.2832910288125277,22.684799697373208
304680.870452125,2.5355000398121774,1.2688339920714498,22.728123926854664
304680.904821416,2.293792029377073,1.268707972485572,22.728123926854664
304680.938514833,2.6670839870348573,1.247250009328127,22.728123926854664
304680.97287425,2.351583039853722,1.2672089505940676,22.728123926854664
304681.00724775,2.2600420052185655,1.26691599143669,22.728123926854664
304681.041615333,2.2387499921023846,1.2658750056289136,22.728123926854664
304681.075409083,2.2890830296091735,1.3085840037092566,22.728123926854664
304681.109798291,2.613667049445212,1.2783329584635794,22.797304258242022
304681.144175708,2.239166002254933,1.3236249797046185,23.409462729653427
304681.178542083,2.557665982749313,1.2355840299278498,24.409462729653427
304681.212289333,2.6995829539373517,1.2934580445289612,25.409462729653427
304681.2466665,2.5526669924147427,1.274041016586125,26.409462729653427
304681.280456041,2.3105419822968543,1.2536250287666917,27.409462729653427
304681.314822916,2.5209160521626472,1.2640419881790876,28.409462729653427
304681.348436458,2.3848750279285014,1.2533749686554074,29.409462729653427
304681.382798708,2.266333031002432,1.3255829690024257,30.087912087912088
304681.417163875,2.3700830060988665,1.268541964236647,30.087912087912088
304681.451536,1.425374997779727,1.2204169761389494,30.087912087912088
304681.485913458,2.114292001351714,1.2645829701796174,30.087912087912088
304681.520273625,2.0405830000527203,1.2471249792724848,30.087912087912088
304681.55462875,2.1056250552646816,1.2399169499985874,30.087912087912088
304681.589002375,2.208584046456963,1.2808329774998128,30.087912087912088
304681.623363666,2.2297920077107847,1.271916029509157,30.087912087912088
304681.657733458,2.136791998054832,1.2767909793183208,30.087912087912088
304681.691271625,1.838708994910121,1.2984999921172857,30.087912087912088
304681.725637916,2.3889170261099935,1.3031670241616666,30.087912087912088
304681.760010416,2.2753329831175506,1.2349580065347254,30.087912087912088
304681.793712458,2.0585000165738165,1.2374159996397793,30.087912087912088
304681.828084541,2.247874974273145,1.2750420137308538,30.087912087912088
304681.861688,2.218458044808358,1.2499580043368042,30.087912087912088
304681.896008125,1.972624973859638,1.2633749865926802,30.087912087912088
304681.930365125,2.0212919916957617,1.2547079822979867,30.087912087912088
304681.964167791,2.1663749939762056,1.2541250325739384,30.087912087912088
304681.997586083,2.0959170069545507,1.2901249574497342,30.087912087912088
304682.031969166,2.3226250195875764,1.2455830001272261,30.087912087912088
304682.06633875,2.0670840167440474,1.2788749882020056,30.087912087912088
304682.100708375,2.0537080126814544,1.3060420169495046,30.087912087912088
304682.135088833,2.3048330331221223,1.314583991188556,30.087912087912088
304682.169458541,2.259959001094103,1.2449580244719982,30.087912087912088
304682.203190166,1.8961249734275043,1.2572080013342202,30.087912087912088
304682.236931625,2.2238329984247684,1.2732920004054904,30.087912087912088
304682.271300666,2.2939579794183373,1.2921669986099005,30.087912087912088
304682.30523175,1.9988749991171062,1.265375001821667,30.087912087912088
304682.339594291,2.3198340204544365,1.2985829962417483,30.087912087912088
304682.373962916,2.1557079744525254,1.247375039383769,30.087912087912088
304682.40833375,2.179917006287724,1.2568749953061342,30.087912087912088
304682.441758791,2.2144580143503845,1.243292004801333,30.087912087912088
304682.476121375,2.4280420038849115,1.2657500337809324,30.087912087912088
304682.510489041,2.125917002558708,1.3362919562496245,30.087912087912088
304682.544846416,2.1929169888608158,1.2731659808196127,30.087912087912088
304682.578259,2.101625024806708,1.2627909891307354,30.087912087912088
304682.612628875,2.046832989435643,1.3074169983156025,30.087912087912088
304682.646986375,2.118667005561292,1.2953330297023058,30.087912087912088
304682.68134625,2.227958000730723,1.2478340067900717,30.087912087912088
304682.715708291,2.277375024277717,1.2415419914759696,30.087912087912088
304682.750092791,2.1604999783448875,1.2932500103488564,30.087912087912088
304682.78393525,2.1977080032229424,1.2762920232489705,30.087912087912088
304682.81829275,1.3604999985545874,1.271959044970572,30.087912087912088
304682.852651708,1.2578340247273445,1.2367499875836074,30.087912087912088
304682.887006833,1.2101249885745347,1.2353750062175095,30.087912087912088
304682.921351291,1.2052500387653708,1.2384169967845082,30.087912087912088
304682.955713,1.3267910107970238,1.277709030546248,30.087912087912088
304682.990089666,1.612916006706655,1.2282090028747916,30.087912087912088
304683.024465791,1.7650829977355897,1.25195796135813,30.087912087912088
304683.05883475,2.2542080259881914,1.3112089945934713,30.087912087912088
304683.092297791,2.0984160364605486,1.2735419441014528,30.087912087912088
304683.126670416,2.4445829913020134,1.259208016563207,30.087912087912088
304683.16075025,1.7792090075090528,1.314540975727141,30.087912087912088
304683.195129041,1.945124997291714,1.2872079969383776,30.087912087912088
304683.229038666,2.199833048507571,1.271541987080127,30.087912087912088
304683.262620291,2.3367920075543225,1.2518329895101488,30.087912087912088
304683.296232458,2.1662500221282244,1.3539589708670974,30.087912087912088
304683.330354125,2.190958010032773,1.2507500359788537,30.087912087912088
304683.364717583,1.826042018365115,1.237916003447026,30.087912087912088
304683.39909325,2.097208984196186,1.2551249819807708,30.087912087912088
304683.43345225,2.0842920057475567,1.3492919970303774,30.087912087912088
304683.467815,2.126791048794985,1.2557919835671782,30.087912087912088
304683.502178666,2.285374968778342,1.2870409991592169,30.087912087912088
304683.5365425,1.8898340058512986,1.2742910184897482,30.087912087912088
304683.57091525,2.2211670293472707,1.2742920080199838,30.087912087912088
304683.60480175,2.2118749911896884,1.2589580146595836,30.087912087912088
304683.638631958,2.0097079686820507,1.2608329998329282,30.087912087912088
304683.673004666,2.2570410510525107,1.2874589883722365,30.087912087912088
304683.706443416,2.2220000391826034,1.2400000123307109,30.087912087912088
304683.740122333,2.2084579686634243,1.2478750431910157,30.087912087912088
304683.774484125,1.8464999739080667,1.2962920009158552,30.087912087912088
304683.808862791,2.2670840262435377,1.266875013243407,30.087912087912088
304683.843221916,1.6757090343162417,1.2601659982465208,30.087912087912088
304683.8775875,1.7903329571709037,1.300542033277452,30.087912087912088
304683.911547583,2.007917035371065,1.2554579880088568,30.087912087912088
304683.945856583,1.7085419967770576,1.2642499641515315,30.087912087912088
304683.980227208,2.2709170007146895,1.2964580091647804,30.087912087912088
304684.014597833,2.0576659590005875,1.2570000253617764,30.087912087912088
304684.048963083,1.8115420243702829,1.284874975681305,30.087912087912088
304684.083323625,2.1887500188313425,1.269040978513658,30.087912087912088
304684.117216291,2.2434170241467655,1.262167003005743,30.0
304684.151574083,1.8984160269610584,1.3063750229775906,30.087912087912088
304684.185935458,1.9017920130863786,1.2482909951359034,30.087912087912088
304684.220308,2.0741659682244062,1.2536250287666917,30.087912087912088
304684.254691291,1.9368339562788606,1.259208016563207,30.087912087912088
304684.289048833,1.8556670402176678,1.276541966944933,30.087912087912088
304684.322532333,1.9290000200271606,1.2837499962188303,30.087912087912088
304684.356893833,2.1769999875687063,1.2612920254468918,30.087912087912088
304684.391263625,1.9887500093318522,1.271208981052041,30.087912087912088
304684.424791708,2.158291987143457,1.2769169989041984,30.0
304684.459161041,2.375084033701569,1.2577909510582685,30.087912087912088
304684.492554166,1.4669999945908785,1.2600839836522937,30.087912087912088
304684.526930458,1.7194999963976443,1.2708749854937196,30.087912087912088
304684.561294416,1.6830420354381204,1.317207992542535,30.087912087912088
304684.595655875,2.2228750167414546,1.2651669676415622,30.087912087912088
304684.629795875,1.8920000293292105,1.241458987351507,30.087912087912088
304684.663865166,1.7664580373093486,1.2425839668139815,30.087912087912088
304684.69822925,1.9829579978249967,1.262167003005743,30.0
304684.732601125,2.0172090153209865,1.2607910321094096,30.087912087912088
304684.766602375,2.0943330018781126,1.30266702035442,30.087912087912088
304684.800964833,1.9385419436730444,1.273833040613681,30.087912087912088
304684.835325791,2.3152079666033387,1.295834023039788,30.0
304684.869693208,2.0429579890333116,1.25495798420161,30.087912087912088
304684.904068583,2.1815840154886246,1.2971249525435269,30.087912087912088
304684.938427666,2.2656249930150807,1.271959044970572,30.087912087912088
304684.972304875,1.8819590331986547,1.257415977306664,30.087912087912088
304685.006671916,1.8309999722987413,1.230000052601099,30.087912087912088
304685.041037875,2.2569160209968686,1.352209015749395,30.175824175824175
304685.075417875,2.3787080426700413,1.2709999573417008,30.175824175824175
304685.109788833,2.257916028611362,1.2787089799530804,30.087912087912088
304685.143303208,2.268625015858561,1.2496249983087182,30.087912087912088
304685.17675725,1.95162498857826,1.2586670345626771,30.087912087912088
304685.210429541,2.412041008938104,1.245874969754368,30.087912087912088
304685.244792875,2.2347079939208925,1.270374981686473,30.087912087912088
304685.27847425,2.283875015564263,1.2838339898735285,30.0
304685.312845666,1.901749987155199,1.2774579809047282,30.087912087912088
304685.3468205,2.3112500202842057,1.2698750360868871,30.087912087912088
304685.380280125,2.31591600459069,1.278041978366673,30.087912087912088
304685.414647291,1.962625014130026,1.2676669866777956,30.087912087912088
304685.449011958,2.2349999635480344,1.2737500364892185,30.087912087912088
304685.482421583,2.3870000150054693,1.2806670274585485,30.087912087912088
304685.516788916,1.8406669842079282,1.2557500158436596,30.087912087912088
304685.551162166,1.9970419816672802,1.2573329731822014,30.087912087912088
304685.5855335,2.2372909588739276,1.3128340360708535,30.087912087912088
304685.619435125,2.2943749791011214,1.2920419685542583,30.087912087912088
304685.653803,2.2012499975971878,1.2519999872893095,30.087912087912088
304685.687643833,1.8882500007748604,1.2442090082913637,30.087912087912088
304685.722009166,2.257916028611362,1.1914169881492853,30.087912087912088
304685.75638225,1.5280839870683849,1.2424159795045853,30.087912087912088
304685.790756291,1.7493750201538205,1.286416023503989,30.087912087912088
304685.825119958,1.9237090018577874,1.2909999932162464,30.087912087912088
304685.858960083,1.8390000332146883,1.260999997612089,30.087912087912088
304685.893322708,2.0450419979169965,1.329458027612418,30.087912087912088
304685.927101791,2.184542012400925,1.2522499891929328,30.087912087912088
304685.961468958,2.516666951123625,1.2482920428737998,30.087912087912088
304685.995841625,2.130832988768816,1.2458330020308495,30.087912087912088
304686.029365041,1.7552920035086572,1.27233297098428,30.087912087912088
304686.063437333,1.8056670087389648,1.2422919971868396,30.087912087912088
304686.09780625,2.2599169751629233,1.275499991606921,30.087912087912088
304686.132182583,2.160417032428086,1.262082951143384,30.087912087912088
304686.166542916,2.2598750074394047,1.243957958649844,30.087912087912088
304686.200904041,2.177625021431595,1.2525410274975002,30.087912087912088
304686.235275583,2.035417011938989,1.2576250010170043,30.087912087912088
304686.269389083,2.2834170376881957,1.262917008716613,30.087912087912088
304686.303748666,2.286750008352101,1.2609169934876263,30.087912087912088
304686.337717958,2.225208969321102,1.2479160213842988,30.087912087912088
304686.371761708,2.2658330271951854,1.2369169853627682,30.087912087912088
304686.406136041,2.1988750086165965,1.2497080024331808,30.087912087912088
304686.440506125,2.1880000131204724,1.2653329758904874,30.087912087912088
304686.47435325,2.2417919826693833,1.2927910429425538,30.087912087912088
304686.50838725,2.225042029749602,1.256333023775369,30.087912087912088
304686.542750125,1.8997499719262123,1.269333006348461,30.087912087912088
304686.576580416,1.8763329717330635,1.2790419859811664,30.087912087912088
304686.610970208,2.2233749623410404,1.2590420083142817,30.087912087912088
304686.645004208,1.8960830057039857,1.2470000074245036,30.087912087912088
304686.679333958,2.250040997751057,1.2554589775390923,30.087912087912088
304686.713744291,2.2994999890215695,1.2607499957084656,30.087912087912088
304686.7475,1.916582987178117,1.310249965172261,30.087912087912088
304686.781488625,2.2106249816715717,1.2905000476166606,30.087912087912088
304686.815852916,1.8072090460918844,1.2746249558404088,30.087912087912088
304686.850214375,2.193916996475309,1.2459999998100102,30.087912087912088
304686.884588666,2.1207910031080246,1.2790419859811664,30.087912087912088
304686.918272208,1.894958026241511,1.260249991901219,30.087912087912088
304686.952635916,2.155583002604544,1.275499991606921,30.087912087912088
304686.986076208,2.410749963019043,1.2530829990282655,30.087912087912088
304687.020403791,2.3218339774757624,1.263874990399927,30.087912087912088
304687.054773208,2.3351249983534217,1.2406249879859388,30.087912087912088
304687.089130916,2.270959026645869,1.2574999709613621,30.087912087912088
304687.123490666,2.2289170301519334,1.3051669811829925,30.087912087912088
304687.157859875,2.191666979342699,1.255583018064499,30.087912087912088
304687.192229666,2.2689580218866467,1.2478749849833548,30.087912087912088
304687.225681583,2.278583007864654,1.2635000166483223,30.087912087912088
304687.259188416,2.176541951484978,1.2450829963199794,30.087912087912088
304687.293548166,2.1154170390218496,1.244042010512203,30.087912087912088
304687.327920291,2.2097499459050596,1.2583750067278743,30.087912087912088
304687.361712541,2.243666967842728,1.228500041179359,30.087912087912088
304687.3959765,2.1822500275447965,1.289249979890883,30.087912087912088
304687.430070041,2.216749999206513,1.2671659933403134,30.087912087912088
304687.463512208,1.7973330104723573,1.265708007849753,30.087912087912088
304687.497889958,2.3982079583220184,1.2478750431910157,30.087912087912088
304687.532252166,2.057167002931237,1.2551250401884317,30.087912087912088
304687.566611916,1.8566669896245003,1.2576670269481838,30.087912087912088
304687.600968833,2.1224170341156423,1.3307500048540533,30.087912087912088
304687.635338583,2.2095830063335598,1.2739580124616623,30.087912087912088
304687.669695083,2.171957981772721,1.2450420181266963,30.087912087912088
304687.704056833,2.229749981779605,1.2400830164551735,30.087912087912088
304687.738014791,2.2582500241696835,1.2257079943083227,30.087912087912088
304687.7723715,1.9739579875022173,1.243583974428475,30.087912087912088
304687.805926875,1.3380000018514693,1.3248749892227352,30.087912087912088
304687.840267958,1.1859170044772327,1.291042019147426,30.087912087912088
304687.874619041,1.1557500110939145,1.2430420028977096,30.087912087912088
304687.908965708,1.212208007927984,1.321959018241614,30.087912087912088
304687.943319166,1.277624978683889,1.2574580032378435,30.087912087912088
304687.977670375,1.3202910195104778,1.3280840357765555,30.087912087912088
304688.012040791,1.7383749946020544,1.328333979472518,30.087912087912088
304688.046425833,2.1758340299129486,1.2437499826774001,30.087912087912088
304688.079960958,1.8957080319523811,1.2815420050173998,30.087912087912088
304688.114322166,2.1309999865479767,1.2370830518193543,30.087912087912088
304688.148683041,1.8833340145647526,1.2858749832957983,30.087912087912088
304688.183051041,2.2000829922035336,1.251958019565791,30.087912087912088
304688.217412208,2.167792001273483,1.2758750235661864,30.087912087912088
304688.25114725,1.8978340085595846,1.2701249797828496,30.087912087912088
304688.284736041,2.1749159786850214,1.2584590003825724,30.087912087912088
304688.318690625,2.264582959469408,1.4005840057507157,30.087912087912088
304688.35234275,2.1188330138102174,1.265792001504451,30.087912087912088
304688.385745583,2.2508749971166253,1.2967500369995832,30.087912087912088
304688.420116291,1.8750840099528432,1.2636249884963036,30.087912087912088
304688.454481875,2.1415840019471943,1.2479160213842988,30.087912087912088
304688.488846,2.10266700014472,1.430833013728261,30.087912087912088
304688.523227625,2.335500030312687,1.2590420083142817,30.087912087912088
304688.55758975,2.2204589913599193,1.2625830131582916,30.087912087912088
304688.591120958,2.205875003710389,1.2507080100476742,30.087912087912088
304688.62548925,1.9725830061361194,1.2562089832499623,30.087912087912088
304688.659858833,2.1760830422863364,1.2615419691428542,30.087912087912088
304688.694230666,2.2538750199601054,1.207208028063178,30.087912087912088
304688.728591166,2.0703329937532544,1.2535830028355122,30.087912087912088
304688.762950666,2.1895410027354956,1.3285420136526227,30.087912087912088
304688.797314166,2.1829999750480056,1.2529160012491047,30.087912087912088
304688.831001458,2.2806250490248203,1.2644579983316362,30.087912087912088
304688.864432916,1.5099579468369484,1.2823330471292138,30.087912087912088
304688.8988375,1.5766670112498105,1.2449159985408187,30.087912087912088
304688.933203416,1.6492090071551502,1.2506250059232116,30.087912087912088
304688.966588541,2.12320894934237,1.2473330134525895,30.087912087912088
304689.000596833,2.0570409833453596,1.2800840195268393,30.087912087912088
304689.034487,2.338542020879686,1.2739169760607183,30.087912087912088
304689.06839,2.1491670049726963,1.249167020432651,30.087912087912088
304689.101957458,2.0403750240802765,1.2478749849833548,30.087912087912088
304689.136319416,2.033083001151681,1.2731670285575092,30.087912087912088
304689.170676125,1.9530000281520188,1.2625829549506307,30.087912087912088
304689.205044166,2.2616669884882867,1.2715000193566084,30.087912087912088
304689.239083083,2.2898329771123827,1.326541998423636,30.087912087912088
304689.2734435,2.1726249833591282,1.2731670285575092,30.087912087912088
304689.307813791,1.9782920135185122,1.2606660020537674,30.087912087912088
304689.342186041,2.2143330425024033,1.2722089886665344,30.087912087912088
304689.37654325,2.2231669863685966,1.2671659933403134,30.087912087912088
304689.410904041,1.9832500256597996,1.2500419979915023,30.087912087912088
304689.4452655,2.0945839933119714,1.2483749887906015,30.087912087912088
304689.478843791,2.0959170069545507,1.256332965567708,30.087912087912088
304689.513212,2.121750032529235,1.2681669904850423,30.087912087912088
304689.547569833,2.181874995585531,1.2580420006997883,30.087912087912088
304689.581123583,2.170249994378537,1.2541250325739384,30.087912087912088
304689.615462333,2.0034589688293636,1.2387909810058773,30.087912087912088
304689.649847458,2.0792079740203917,1.2459999998100102,30.087912087912088
304689.684234041,2.077916986308992,1.280166965443641,30.087912087912088
304689.7186035,2.1671249996870756,1.258125004824251,30.087912087912088
304689.752970666,2.2635000059381127,1.2518330477178097,30.087912087912088
304689.787329625,2.2300409618765116,1.3155000051483512,30.087912087912088
304689.821087208,1.8628750112839043,1.2710419832728803,30.087912087912088
304689.855447375,2.0000420045107603,1.2691249721683562,30.087912087912088
304689.888888875,2.230832993518561,1.25420797849074,30.087912087912088
304689.923258,2.315709018148482,1.2922909809276462,30.087912087912088
304689.957147541,2.3864590330049396,1.2526659993454814,30.087912087912088
304689.991510583,2.414874965324998,1.3332500238902867,30.087912087912088
304690.025873375,2.63541704043746,1.1874999618157744,30.087912087912088
304690.060140208,2.3601249558851123,1.2572920531965792,30.087912087912088
304690.094503833,2.4563330225646496,1.2698339996859431,30.087912087912088
304690.128362,2.1293750032782555,1.2702909880317748,30.087912087912088
304690.162729666,2.41258303867653,1.2932499521411955,30.087912087912088
304690.19709725,2.3894589976407588,1.2695409823209047,30.087912087912088
304690.23146925,2.3643329623155296,1.2682080268859863,30.087912087912088
304690.265831791,2.3366670357063413,1.2577080051414669,30.087912087912088
304690.30019725,2.2808749927207828,1.2687499984167516,30.087912087912088
304690.333689541,2.3063329863362014,1.2839999981224537,30.087912087912088
304690.368057791,2.1016669925302267,1.2838749680668116,30.087912087912088
304690.402441083,2.484500000718981,1.2631249846890569,30.087912087912088
304690.436143708,2.3629579809494317,1.2539579765871167,30.087912087912088
304690.470071333,2.391209010966122,1.2382499990053475,30.087912087912088
304690.504469,2.020041982177645,1.265082973986864,30.087912087912088
304690.538834666,2.2582499659620225,1.3190830359235406,30.087912087912088
304690.573212333,2.288415969815105,1.2652500299736857,30.087912087912088
304690.607578916,2.3608750198036432,1.2799169635400176,30.087912087912088
304690.641456041,2.2939579794183373,1.287084014620632,30.087912087912088
304690.675822416,2.3736669681966305,1.273708010558039,30.087912087912088
304690.709681833,2.490582992322743,1.2661670334637165,30.087912087912088
304690.743125708,1.4117080136202276,1.2607919634319842,30.087912087912088
304690.77748775,1.865166996140033,1.2801670236513019,30.087912087912088
304690.81167375,2.2170839947648346,1.263291051145643,30.087912087912088
304690.846004166,2.3346670204773545,1.2457919656299055,30.087912087912088
304690.880364583,2.363750012591481,1.2769169989041984,30.087912087912088
304690.914417208,2.2224580170586705,1.2616669991984963,30.087912087912088
304690.948777208,2.174291992560029,1.2457919656299055,30.087912087912088
304690.983139541,2.154249988961965,1.2611249694600701,30.087912087912088
304691.016551625,2.3651669616810977,1.264417020138353,30.087912087912088
304691.050922583,2.408917003776878,1.2613749713636935,30.087912087912088
304691.084721541,2.0106249721720815,1.2540000025182962,30.087912087912088
304691.119088291,2.3709170054644346,1.2441250146366656,30.087912087912088
304691.153450708,2.229666046332568,1.2522499891929328,30.087912087912088
304691.18782325,2.300166990607977,1.2673750170506537,30.087912087912088
304691.222185,2.345584041904658,1.2346659786999226,30.087912087912088
304691.256548125,2.15162499807775,1.2705419794656336,30.087912087912088
304691.290330708,2.3789170081727207,1.293624984100461,30.087912087912088
304691.324689625,1.97779102018103,1.2554170098155737,30.087912087912088
304691.359072208,2.466667036060244,1.2372079654596746,30.087912087912088
304691.393442416,1.9498750334605575,1.2823750148527324,30.087912087912088
304691.427824791,2.7106250054202974,1.263250014744699,30.087912087912088
304691.461685458,2.1518749999813735,1.3335419935174286,30.087912087912088
304691.496042958,2.2417919826693833,1.2423329753801227,30.087912087912088
304691.530412958,2.3995829978957772,1.229874964337796,30.087912087912088
304691.564770416,2.241707989014685,1.2254579924046993,30.087912087912088
304691.599150166,2.2967089898884296,1.253750000614673,30.087912087912088
304691.633512625,2.0260830060578883,1.2591250124387443,30.087912087912088
304691.666885791,2.248707984108478,1.2655419996008277,30.087912087912088
304691.701269208,2.317334001418203,1.2461249716579914,30.087912087912088
304691.735076958,2.2402909817174077,1.2640840141102672,30.087912087912088
304691.76944325,2.264042035676539,1.2518329895101488,30.087912087912088
304691.803802583,2.2292910143733025,1.349334022961557,30.087912087912088
304691.838162333,2.182584023103118,1.2656659819185734,30.087912087912088
304691.872522375,2.088540990371257,1.2446250184439123,30.087912087912088
304691.906883541,2.261625020764768,1.2597499880939722,30.087912087912088
304691.941246583,2.269832999445498,1.2620839988812804,30.087912087912088
304691.975609958,2.2810830269008875,1.2408749898895621,30.087912087912088
304692.009978708,2.0939999958500266,1.2879170244559646,30.087912087912088
304692.044337916,2.294583013281226,1.248000015038997,30.087912087912088
304692.078692166,2.1236659958958626,1.2643340160138905,30.087912087912088
304692.113064416,2.282792003825307,1.2543329503387213,30.087912087912088
304692.146454083,2.3502500262111425,1.2542919721454382,30.087912087912088
304692.180818291,2.0745830261148512,1.2465000036172569,30.087912087912088
304692.215094833,2.1500420407392085,1.236791955307126,30.087912087912088
304692.2494655,2.123165992088616,1.2294169864617288,30.087912087912088
304692.283828666,2.284166985191405,1.2382499990053475,30.087912087912088
304692.318213291,1.9701250130310655,1.2803749996237457,30.087912087912088
304692.352574625,2.3357500322163105,1.2849170016124845,30.087912087912088
304692.386857708,2.235500025562942,1.2957919971086085,30.087912087912088
304692.421227458,2.210417005699128,1.2448750203475356,30.087912087912088
304692.45559775,2.0019160001538694,1.2490840163081884,30.087912087912088
304692.489981208,2.267375006340444,1.2579999747686088,30.087912087912088
304692.524340208,2.243667026050389,1.2422079453244805,30.087912087912088
304692.55870475,2.1471669897437096,1.2648749980144203,30.087912087912088
304692.593067083,2.1837500389665365,1.2793749920092523,30.087912087912088
304692.627030708,2.246707968879491,1.2456669937819242,30.087912087912088
304692.661392583,1.9829589873552322,1.306625024881214,30.087912087912088
304692.695078916,1.9467080128379166,1.2509999796748161,30.087912087912088
304692.729439083,2.1506669581867754,1.2605410302057862,30.087912087912088
304692.762804208,2.3957089870236814,1.2471249792724848,30.087912087912088
304692.797070375,1.4275000430643559,1.2815419468097389,30.087912087912088
304692.831425375,1.4079170068725944,1.241833029780537,30.087912087912088
304692.86578125,1.2444170424714684,1.2489999644458294,30.087912087912088
304692.900136041,1.2891660444438457,1.2477919808588922,30.087912087912088
304692.93448875,1.4461249811574817,1.2642499641515315,30.087912087912088
304692.96886,1.6078330227173865,1.2642079964280128,30.087912087912088
304693.00322025,1.8487499910406768,1.2684590183198452,30.087912087912088
304693.037577875,1.9802500028163195,1.2388750328682363,30.087912087912088
304693.071953041,2.066333021502942,1.258833974134177,30.087912087912088
304693.105759958,2.209459024015814,1.2395830126479268,30.087912087912088
304693.140131291,1.9035839941352606,1.2665000394918025,30.087912087912088
304693.174499416,2.299875020980835,1.2630830169655383,30.087912087912088
304693.208371791,2.199542010203004,1.3368329964578152,30.087912087912088
304693.242734958,1.9116250332444906,1.2847079779021442,30.087912087912088
304693.27709425,2.2562090307474136,1.2687909766100347,30.087912087912088
304693.311027583,2.1897919941693544,1.2488749925978482,30.087912087912088
304693.345083333,2.1147499792277813,1.2444580206647515,30.087912087912088
304693.3794465,1.8847910105250776,1.2581669725477695,30.087912087912088
304693.41322125,2.251375000923872,1.25420797849074,30.087912087912088
304693.446649333,2.2077500470913947,1.2820419506169856,30.087912087912088
304693.480464291,2.026083995588124,1.2489160289987922,30.087912087912088
304693.514835125,2.4407500168308616,1.2694590259343386,30.087912087912088
304693.5491985,1.8786249565891922,1.265375001821667,30.087912087912088
304693.58347375,1.9963749800808728,1.250125002115965,30.087912087912088
304693.617843166,2.12583300890401,1.2344999704509974,30.087912087912088
304693.652217125,2.037000027485192,1.2563749914988875,30.087912087912088
304693.68600675,2.193583990447223,1.250165980309248,30.087912087912088
304693.720162625,1.8245420069433749,1.2926249764859676,30.087912087912088
304693.754524833,2.2423339542001486,1.2605410302057862,30.087912087912088
304693.788885833,2.097834018059075,1.2684579705819488,30.087912087912088
304693.823238375,1.769249967765063,1.265708007849753,30.087912087912088
304693.856702708,2.1474160021170974,1.327625010162592,30.087912087912088
304693.89106475,2.208749996498227,1.2542500044219196,30.087912087912088
304693.925432916,2.0192089723423123,1.2433750089257956,30.087912087912088
304693.959795458,2.2561249788850546,1.2965829810127616,30.087912087912088
304693.994152958,2.1849999902769923,1.2605829979293048,30.087912087912088
304694.028523833,1.9727909821085632,1.2696250341832638,30.087912087912088
304694.062889958,2.353459014557302,1.2816250091418624,30.087912087912088
304694.097252458,2.251041994895786,1.251332985702902,30.087912087912088
304694.1308345,2.2022919729351997,1.2797079980373383,30.087912087912088
304694.164835291,2.1537919528782368,1.2449170462787151,30.087912087912088
304694.199085541,2.185375022236258,1.2452919618226588,30.087912087912088
304694.233447875,2.0830840221606195,1.260416000150144,30.087912087912088
304694.267840958,1.982124987989664,1.2554579880088568,30.087912087912088
304694.302201791,2.000542008318007,1.2840409763157368,30.087912087912088
304694.336558166,2.213791012763977,1.248834014404565,30.087912087912088
304694.370925125,2.267291012685746,1.2522090109996498,30.087912087912088
304694.405300416,2.1362919942475855,1.3115829788148403,30.087912087912088
304694.439670166,2.117500000167638,1.2337919906713068,30.087912087912088
304694.474029041,2.117166994139552,1.2575419968925416,30.087912087912088
304694.508422958,2.188290993217379,1.3226669980213046,30.087912087912088
304694.541797541,2.1539159934036434,1.2671670410782099,30.087912087912088
304694.576180833,2.042457985226065,1.2477090349420905,30.087912087912088
304694.610543666,2.0643750322051346,1.261750003322959,30.087912087912088
304694.64491275,2.194874978158623,1.2993750278837979,30.087912087912088
304694.679279458,1.7058330122381449,1.2804589932784438,30.087912087912088
304694.713642416,1.6808329964987934,1.3630419853143394,30.087912087912088
304694.7471735,1.6874579596333206,1.2429170310497284,30.087912087912088
304694.781527625,1.4566670288331807,1.2323749833740294,30.087912087912088
304694.815684458,1.4900420210324228,1.24879099894315,30.087912087912088
304694.849734458,1.92154198884964,1.2138750171288848,30.087912087912088
304694.884145125,2.111540990881622,1.2284170370548964,30.087912087912088
304694.918502125,1.7877499922178686,1.2771250330843031,30.087912087912088
304694.951995625,1.7165840254165232,1.2586249504238367,30.087912087912088
304694.986386791,2.466500038281083,1.251625013537705,30.087912087912088
304695.020434,1.945250027347356,1.2685409747064114,30.087912087912088
304695.054812708,2.1612499840557575,1.2725000269711018,30.087912087912088
304695.088717083,2.1105000050738454,1.4097079983912408,30.087912087912088
304695.123096625,2.3659580037929118,1.2736250064335763,30.087912087912088
304695.157161708,2.591917000245303,1.2666250113397837,30.087912087912088
304695.191099625,2.57725000847131,1.2974170385859907,30.087912087912088
304695.225497916,2.3640829604119062,1.3336670235730708,30.087912087912088
304695.259076333,2.6352080167271197,1.2905420153401792,30.087912087912088
304695.293460666,2.619041013531387,1.295749971177429,30.087912087912088
304695.327271916,2.6751249679364264,1.1325409868732095,30.087912087912088
304695.361539333,1.9461250049062073,1.2632919824682176,30.087912087912088
304695.395915541,2.422125020530075,1.2546249781735241,30.087912087912088
304695.4300095,2.470624982379377,1.2730829766951501,30.087912087912088
304695.46425,2.6750839897431433,1.273375004529953,30.087912087912088
304695.497977708,2.9159159748815,1.2939590378664434,30.087912087912088
304695.532349291,2.005874994210899,1.315792032983154,30.087912087912088
304695.566886208,2.0178340491838753,1.2882499722763896,30.087912087912088
304695.601241083,1.6941669746302068,1.259958022274077,30.087912087912088
304695.635055875,2.2009999956935644,1.2518750154413283,30.087912087912088
304695.669418875,2.201916999183595,1.2426250032149255,30.087912087912088
304695.703784458,2.3942500120028853,1.2561249895952642,30.087912087912088
304695.737784458,2.4039160343818367,1.2530419626273215,30.087912087912088
304695.772171,1.6062089707702398,1.2666250113397837,30.087912087912088
304695.806547458,1.6694170190021396,1.3266250025480986,30.087912087912088
304695.840907041,1.8705829861573875,1.2447090120986104,30.087912087912088
