t,send_ms,read_ms,max_err_deg
306927.74556525,2.341249957680702,1.2925839982926846,15.0
306928.059031166,1.2605839874595404,1.2032499653287232,15.0
306928.101109208,1.1280840262770653,1.1977910180576146,15.0
306928.135459583,1.253750000614673,1.2526250211521983,14.407114624505931
306928.169182583,1.2067920179106295,1.2152079725638032,13.353096179183137
306928.203108708,1.331958977971226,1.2089580413885415,12.694334650856392
306928.237458416,1.4794589951634407,1.23758299741894,12.694334650856392
306928.271822666,1.8266250262968242,1.2688330025412142,17.67032967032968
306928.30616575,1.3473749859258533,1.2119169696234167,23.64835164835165
306928.340539375,1.5334160416387022,1.2685839901678264,30.065934065934073
306928.374885291,1.4110410120338202,1.2557919835671782,35.69230769230769
306928.409259875,1.5117500443011522,1.228832988999784,40.35164835164835
306928.443071416,1.5511250239796937,1.2344169663265347,43.956043956043956
306928.47743475,1.939375011716038,1.253083988558501,46.24175824175825
306928.511790625,1.8975840066559613,1.298332994338125,47.56043956043956
306928.546023666,1.9217919907532632,1.2839579721912742,48.35164835164835
306928.580390708,1.9092089496552944,1.2623330112546682,48.967032967032964
306928.614760916,2.0097499946132302,1.3555419864133,49.230769230769226
306928.648744083,1.9330420182086527,1.262207981199026,49.318681318681314
306928.682476833,2.174332970753312,1.2634170125238597,49.4065934065934
306928.71683675,1.9362079910933971,1.2829999905079603,49.4065934065934
306928.751218958,1.6462499625049531,1.3097919872961938,49.49450549450549
306928.785579041,2.458208007737994,1.243709004484117,49.49450549450549
306928.820017583,1.8406250164844096,1.2390409829095006,49.49450549450549
306928.854373166,1.4853749889880419,1.3380000018514693,49.49450549450549
306928.888744416,1.8124579801224172,1.2392090284265578,49.49450549450549
306928.923107708,1.4661659952253103,1.248125045094639,49.49450549450549
306928.957455625,1.5795000363141298,1.2556249857880175,49.49450549450549
306928.991817708,1.9348749774508178,1.301957992836833,49.49450549450549
306929.026183041,2.038792008534074,1.2072079698555171,49.49450549450549
306929.060550708,2.360332990065217,1.2638750486075878,49.49450549450549
306929.09503425,1.8406659946776927,1.2603749637492,49.49450549450549
306929.129394083,1.4657910214737058,1.3205420109443367,49.49450549450549
306929.163775208,1.7300419858656824,1.2286250130273402,49.49450549450549
306929.198128833,1.614666951354593,1.2551660183817148,49.49450549450549
306929.232492125,1.936167012900114,1.240750018041581,49.49450549450549
306929.266639791,1.9588340073823929,1.2728750007227063,49.49450549450549
306929.30099525,1.9929580157622695,1.2346250005066395,49.49450549450549
306929.3353525,2.177292015403509,1.227332977578044,49.49450549450549
306929.369712,1.882958982605487,1.2358750100247562,49.49450549450549
306929.404091458,1.9670409965328872,1.2689590221270919,49.49450549450549
306929.437913041,2.031375013757497,1.2747090077027678,49.49450549450549
306929.47207625,2.1363329724408686,1.2355829821899533,49.49450549450549
306929.506450291,2.2185000125318766,1.2659580097533762,49.49450549450549
306929.540816666,2.3230829974636436,1.2851250357925892,49.49450549450549
306929.575187083,2.7417499804869294,1.270540989935398,49.49450549450549
306929.609561875,2.622791042085737,1.2582919443957508,49.49450549450549
306929.6430015,2.358082972932607,1.2687920243479311,49.49450549450549
306929.677368208,2.210916019976139,1.2552919797599316,49.49450549450549
306929.711678958,2.338875026907772,1.2767079751938581,49.49450549450549
306929.745540625,2.180375042371452,1.2755419593304396,49.49450549450549
306929.778907125,2.4705000105313957,1.2397499522194266,49.49450549450549
306929.813280708,2.486584009602666,1.4018749934621155,49.49450549450549
306929.847645041,2.3238330031745136,1.2926249764859676,49.49450549450549
306929.882011666,2.3752080160193145,1.2918339925818145,49.49450549450549
306929.915659083,2.1799580426886678,1.2045420007780194,49.49450549450549
306929.94944975,2.287540992256254,1.2718340149149299,49.49450549450549
306929.983145416,1.963209011591971,1.280208001844585,49.49450549450549
306930.017512041,1.9577079801820219,1.2834169901907444,49.49450549450549
306930.051663833,2.0743339555338025,1.2615410378202796,49.49450549450549
306930.086041916,2.203750016633421,1.3510839780792594,49.49450549450549
306930.120334791,1.5791250043548644,1.2062499881722033,49.49430830400067
306930.154681416,1.2732080067507923,1.270500011742115,49.49430830400067
306930.189038791,1.367166987620294,1.2502080062404275,49.49430830400067
306930.22339625,1.324416953139007,1.2626670068129897,49.49430830400067
306930.257746833,1.312042004428804,1.2332909973338246,49.49430830400067
306930.2920995,1.4415420009754598,1.254292030353099,49.49430830400067
306930.326459958,1.7036659992299974,1.2521249591372907,49.49430830400067
306930.360827166,1.894082990474999,1.2479590368457139,49.49430830400067
306930.395207,2.08754203049466,1.2659999774768949,49.49430830400067
306930.429387208,2.382832986768335,1.2969999806955457,49.49430830400067
306930.46315875,2.361249993555248,1.2377499951981008,49.49430830400067
306930.497524,2.3704589693807065,1.2775830109603703,49.49430830400067
306930.531897916,2.2688330500386655,1.2582920026034117,49.49430830400067
306930.566302625,1.8467080080881715,1.305542013142258,49.49430830400067
306930.611697083,1.6737919650040567,1.2136250152252614,49.49430830400067
306930.646053541,1.304499979596585,1.1946249869652092,49.49430830400067
306930.680433666,1.693582977168262,1.2526670470833778,49.49430830400067
306930.714805125,2.2504579974338412,1.2398340040817857,49.49430830400067
306930.74917225,2.403499966021627,1.2610420235432684,49.49430830400067
306930.783539708,2.339416998438537,1.2589169782586396,49.49430830400067
306930.817900958,2.073542040307075,1.2800829717889428,49.49430830400067
306930.852276791,1.9866660004481673,1.3010000111535192,49.49430830400067
306930.885645333,1.8158750026486814,1.2589169782586396,49.49430830400067
306930.919886666,1.6445419751107693,1.2299169902689755,49.49430830400067
306930.9542685,2.010083000641316,1.2680840445682406,49.49430830400067
306930.988652,2.0753329736180604,1.330917002633214,49.49430830400067
306931.02302925,2.074417017865926,1.2053329846821725,49.49430830400067
306931.05740725,2.183375007007271,1.2797500239685178,49.49430830400067
306931.091376041,2.315291960258037,1.2782920384779572,49.49430830400067
306931.12533525,2.2763750166632235,1.3868749956600368,49.49430830400067
306931.159718583,2.239333000034094,1.2412499636411667,49.49430830400067
306931.194092125,2.6671249652281404,1.34245801018551,49.49430830400067
306931.228465166,2.332833013497293,1.2427500332705677,49.49430830400067
306931.261999,2.1621659980155528,1.2757089571096003,49.49430830400067
306931.296083583,2.5029589887708426,1.260375021956861,49.49430830400067
306931.330457291,2.663083025254309,1.2639999622479081,49.49430830400067
306931.364206083,1.4089999604038894,1.2268749997019768,49.49430830400067
306931.398565291,1.3897080207243562,1.285750011447817,49.49430830400067
306931.432908666,1.4020000235177577,1.2604169896803796,49.49430830400067
306931.467280625,1.6305000171996653,1.2829999905079603,49.49430830400067
306931.501648208,1.8758749938569963,1.2467080377973616,49.49430830400067
306931.535823791,2.182458993047476,1.2801249977201223,49.49430830400067
306931.570192333,2.0831659785471857,1.2854589731432498,49.49430830400067
306931.604566166,2.4401670088991523,1.2561670155264437,49.49430830400067
306931.638935041,2.372290997300297,1.246583997271955,49.49430830400067
306931.672468583,1.418250030837953,1.3049159897491336,49.49430830400067
306931.706822125,1.2882909504696727,1.2587500386871397,49.49430830400067
306931.741176083,1.1935410439036787,1.2521669850684702,49.49430830400067
306931.775535333,1.2703330139629543,1.3207090087234974,49.49430830400067
306931.809879041,1.3439159956760705,1.2586670345626771,49.49430830400067
306931.844233333,1.4015839551575482,1.2602500501088798,49.49430830400067
306931.878602041,1.7473329789936543,1.2423750013113022,49.49430830400067
306931.912364416,1.9276249804534018,1.2577910092659295,49.49430830400067
306931.945789,1.8904590397141874,1.2626249808818102,49.49430830400067
306931.980151791,2.264458977151662,1.3599160010926425,49.49430830400067
306932.014517,1.9267919706180692,1.2885830365121365,49.49430830400067
306932.0488815,2.2718749823980033,1.267499988898635,49.49430830400067
306932.083258291,2.554457983933389,1.3044170336797833,49.49430830400067
306932.117122958,2.0859999931417406,1.266458013560623,49.49430830400067
306932.151336666,1.991458993870765,1.2751659960485995,49.49430830400067
306932.18570475,2.336165984161198,1.30883400561288,49.49430830400067
306932.219725333,2.737875038292259,1.2685839901678264,49.49430830400067
306932.253694041,2.1522919996641576,1.2678750208579004,49.49430830400067
306932.288064625,2.325667010154575,1.2651249999180436,49.49430830400067
306932.322441625,2.390999987255782,1.2784170103259385,49.49430830400067
306932.3561845,2.3173329536803067,1.2771670008078218,49.49430830400067
306932.39055975,2.6715839630924165,1.2787080486305058,49.49430830400067
306932.424366791,2.339625032618642,1.2992499978281558,49.49430830400067
306932.458734833,2.0745840156450868,1.2908329954370856,49.49430830400067
306932.49309025,1.8857090035453439,1.2327079894021153,49.49430830400067
306932.527284125,1.9325829925946891,1.2427499750629067,49.49430830400067
306932.561646125,1.9016250153072178,1.2596669839695096,49.49430830400067
306932.59521525,1.9850829849019647,1.2593340361490846,49.49430830400067
306932.629503083,1.940458023454994,1.2578750029206276,49.49430830400067
306932.663873208,1.9157499773427844,1.3535830075852573,49.49430830400067
306932.698164666,2.8742499998770654,1.2166249798610806,49.49430830400067
306932.732537166,2.3154999944381416,1.4324999647215009,49.49430830400067
306932.767022791,1.8857079558074474,1.2690420262515545,49.49430830400067
306932.801309875,2.106041007209569,1.3049169792793691,49.49430830400067
306932.835508791,1.97704101447016,1.2750419555231929,49.49430830400067
306932.869866625,2.0823749946430326,1.2626249808818102,49.49430830400067
306932.904249541,2.305332978721708,1.3052920112386346,49.49430830400067
306932.937997416,2.3631249787285924,1.3095420436002314,49.49430830400067
306932.972378708,2.2632500040344894,1.2652910081669688,49.49430830400067
306933.006024125,1.874250010587275,1.2997909798286855,49.49430830400067
306933.040293541,2.1822499693371356,1.4212910318747163,49.49430830400067
306933.07449475,2.5359169812873006,1.2898750137537718,49.49430830400067
306933.108874041,2.378790988586843,1.2844590237364173,49.49430830400067
306933.1422575,2.5649170274846256,1.28279096679762,49.49430830400067
306933.176434583,2.4699170025996864,1.2731660390272737,49.49430830400067
306933.210036416,2.189541992265731,1.6852920525707304,49.49430830400067
306933.244409083,2.2835000418126583,1.3084589736536145,49.49430830400067
306933.278153166,2.0407079719007015,1.3408340164460242,49.49430830400067
306933.312609,2.028374990914017,1.2851249775849283,49.49430830400067
306933.347014833,2.032083983067423,1.300166011787951,49.49430830400067
306933.3814435,2.0904999691993,1.2781660188920796,49.49430830400067
306933.415825416,2.5167500134557486,1.2788340100087225,49.49430830400067
306933.450194,2.050582959782332,1.29520904738456,49.49430830400067
306933.48457125,2.061125007458031,1.265041995793581,49.49430830400067
306933.51895,2.3144170409068465,1.2725829728879035,49.49430830400067
306933.55333775,2.1473329979926348,1.293624984100461,49.49430830400067
306933.58695075,1.9435420399531722,1.243624952621758,49.49430830400067
306933.621329791,2.5571250007487833,1.2847500038333237,49.49430830400067
306933.655706375,2.0187500049360096,1.3037080061621964,49.49430830400067
306933.689800291,2.071750001050532,1.2952079996466637,49.49430830400067
306933.72417375,2.281875000335276,1.2434580130502582,49.49430830400067
306933.758245041,1.9276670063845813,1.26466597430408,49.49430830400067
306933.79261225,1.896292029414326,1.2839579721912742,49.49430830400067
306933.826437416,2.4868749896995723,1.286791986785829,49.49430830400067
306933.860802791,2.0367500255815685,1.248749962542206,49.49430830400067
306933.895180708,2.143833029549569,1.2734169722534716,49.49430830400067
306933.928778291,10.536290996242315,1.2937920400872827,49.49430830400067
306933.963077375,1.6222079866565764,1.2408330221660435,49.49430830400067
306933.997450166,1.6391249955631793,1.2264170218259096,49.49430830400067
306934.031811166,1.7615410033613443,1.2227920233272016,49.49430830400067
306934.06616975,1.6667909803800285,1.256125047802925,49.49430830400067
306934.100523166,1.5874169766902924,1.2632079888135195,49.49430830400067
306934.134918416,1.813791983295232,1.2948750518262386,49.49430830400067
306934.169304708,2.041207975707948,1.3659169781021774,49.49430830400067
306934.2036865,1.749957969877869,1.3045420055277646,49.49430830400067
306934.2373805,1.877791015431285,1.2895839754492044,49.49453903030562
306934.270895,2.0316249574534595,1.2697920319624245,49.70161857185781
306934.304733,2.2446669754572213,1.2953329714946449,50.52062585851647
306934.339114458,2.143624995369464,1.3139999937266111,51.52062585851647
306934.373484583,2.051000017672777,1.290624961256981,52.52062585851647
306934.407864666,2.3581249988637865,1.295749971177429,53.52062585851647
306934.442007916,2.3303329944610596,1.2883750023320317,54.52062585851647
306934.475669291,2.2213750053197145,1.240750018041581,55.52062585851647
306934.509522583,2.455082954838872,1.4113750075921416,56.52062585851647
306934.543119708,2.1279590437188745,1.3777499552816153,57.52062585851647
306934.576666625,1.9450830295681953,1.2432090006768703,58.52062585851647
306934.610164625,1.5020829741843045,1.2144590145908296,59.40858275025755
306934.644531916,1.6405830392614007,1.2199999764561653,60.072453425480774
306934.678887791,1.702625013422221,1.201000006403774,60.495000482915515
306934.713251041,1.652333012316376,1.2121250038035214,60.57279951493817
306934.747619,1.651916012633592,1.2409999617375433,60.58164894187843
306934.782033958,1.9750000210478902,1.2464169994927943,60.58164894187843
306934.816409291,2.3830000427551568,1.222332997713238,60.58164894187843
306934.849974291,1.7360830097459257,1.2262079981155694,60.58164894187843
306934.884325958,1.2615829473361373,1.2016250402666628,60.58164894187843
306934.918672541,1.2729999725706875,1.264333026483655,60.58164894187843
306934.953066291,1.8353330087848008,1.2615000014193356,60.58164894187843
306934.986773875,2.0662499591708183,1.2380420230329037,60.58164894187843
306935.020603166,2.0747919916175306,1.2713749893009663,60.590498368818686
306935.054857083,2.0903339609503746,1.2679159990511835,60.72862830528845
306935.089224875,1.9847920048050582,1.4059579698368907,60.832283439217036
306935.123585458,1.556333969347179,1.2493330286815763,61.08245648394575
306935.157947791,1.75762502476573,1.2351250043138862,61.34124822930977
306935.192269875,2.192292013205588,1.2866249890066683,61.60003997467379
306935.225776541,1.9429170060902834,1.2360829859972,61.8502130194025
306935.259370166,2.5448750238865614,1.250582979992032,62.100386064131214
306935.293772,1.9520840141922235,1.3455000007525086,62.350559108859926
306935.328140291,2.414875023532659,1.2528339866548777,62.60073215358864
306935.362561666,1.7557499813847244,1.3047080137766898,62.66991248497601
306935.396057916,1.9214589847251773,1.3191659818403423,62.69599931318686
306935.429839583,1.3621249818243086,1.2399170082062483,62.7134674407624
306935.464192541,1.39533297624439,1.279541989788413,62.73955426897325
306935.498552333,1.8329170416109264,1.2630409910343587,62.75702239654879
306935.532582541,2.3618339910171926,1.2403330183587968,62.80034662603023
306935.565947166,1.6528749838471413,1.243417034856975,62.99880746694714
306935.600312583,2.1903750021010637,1.2524169869720936,63.32654881739356
306935.634663541,1.8995419959537685,1.2672500452026725,63.74047717419302
306935.669059375,1.924125012010336,1.3047500397078693,63.81827620621567
306935.7034395,1.8447500187903643,1.2667920091189444,63.81827620621567
306935.737798,1.7586670001037419,1.2475830153562129,63.81827620621567
306935.771526583,1.7136670066975057,1.3987079728394747,63.81827620621567
306935.806014333,1.6929999692365527,1.2563340133056045,63.81827620621567
306935.840086583,1.7160000279545784,1.2897909618914127,63.81827620621567
306935.87359475,1.8472080118954182,1.2685420224443078,63.81827620621567
306935.907393875,1.7155000241473317,1.24224997125566,63.81827620621567
306935.941750541,1.7212090315297246,1.2312500039115548,63.81827620621567
306935.97611025,1.915208005812019,1.2383750290609896,63.81827620621567
306936.010542875,1.9807079806923866,1.258875010535121,63.81827620621567
306936.044931083,2.1908750059083104,1.248750020749867,63.81827620621567
306936.078366666,1.7136249807663262,1.2456250260584056,63.81827620621567
306936.112735041,1.7324580112472177,1.2390830088406801,63.81827620621567
306936.147106958,1.7044590204022825,1.3371249660849571,63.81827620621567
306936.180987875,2.459332987200469,1.2549589737318456,63.81827620621567
306936.215356708,2.5223750271834433,1.2669590068981051,63.81827620621567
306936.249713791,1.8188339890912175,1.297999988310039,63.81827620621567
306936.284190083,2.0559580298140645,1.2693339958786964,63.81827620621567
306936.318207833,1.8327499856241047,1.2680840445682406,63.81827620621567
306936.352570791,2.043207990936935,1.32470898097381,63.81827620621567
306936.386679625,1.762332976795733,1.2630830169655383,63.81827620621567
306936.420263083,2.6605830062180758,1.3979579671286047,63.81827620621567
306936.454619791,1.7234170227311552,1.238207973074168,63.81827620621567
306936.488997041,2.275792008731514,1.257832976989448,63.81827620621567
306936.5233685,1.9951669964939356,1.293333014473319,63.81827620621567
306936.557733583,2.1915840334258974,1.3059579650871456,63.81827620621567
306936.591708166,2.178249997086823,1.3990000006742775,63.81827620621567
306936.626117958,2.6650839718058705,1.2878330308012664,63.81827620621567
306936.6595985,1.7625410109758377,1.2546670041047037,63.81827620621567
306936.693187416,1.4263750053942204,1.2650839635170996,63.81827620621567
306936.727543541,1.2648339616134763,1.6380830202251673,63.81827620621567
306936.76113625,1.3650839682668447,1.3155409833416343,63.81827620621567
306936.795490416,1.3335419935174286,1.2453329982236028,63.81827620621567
306936.829154958,1.434125006198883,1.2612499995157123,63.81827620621567
306936.863501166,1.424291986040771,1.2971250107511878,63.81827620621567
306936.897862083,1.8325410201214254,1.2948749936185777,63.81827620621567
306936.932228916,1.8433749792166054,1.2835829984396696,63.81827620621567
306936.966715958,2.030832984019071,1.336042012553662,63.81827620621567
306937.000380583,1.9767920020967722,1.261750003322959,63.81827620621567
306937.034751375,2.5360839790664613,1.2782079866155982,63.81827620621567
306937.069134,2.104375045746565,1.2702919775620103,63.81827620621567
306937.103509166,2.173249959014356,1.2656670296564698,63.81827620621567
306937.137910458,2.1937499986961484,1.284958969336003,63.81827620621567
306937.172282833,2.533958002459258,1.2604579678736627,63.81827620621567
306937.206653333,2.177042013499886,1.2655419996008277,63.81827620621567
306937.241042916,2.3263749899342656,1.2897500419057906,63.81827620621567
306937.275416958,2.2783749736845493,1.3072080328129232,63.81827620621567
306937.309924208,2.1439159754663706,1.2719170190393925,63.81827620621567
306937.344050666,2.17366695869714,1.2605829979293048,63.81827620621567
306937.378419041,2.477583009749651,1.270499953534454,63.81827620621567
306937.412843291,2.4142919573932886,1.2713330215774477,63.81827620621567
306937.447210291,2.170249994378537,1.3027499662712216,63.81827620621567
306937.4807295,2.2111659636721015,1.2723749969154596,63.81827620621567
306937.515101958,2.5777079863473773,1.2811669730581343,63.81827620621567
306937.549477583,2.11070803925395,1.2857499532401562,63.81827620621567
306937.583845375,1.3252499629743397,1.2479580473154783,63.81850693252062
306937.6181985,1.8436670070514083,1.2624579831026495,63.81873765882557
306937.6525665,1.8417920218780637,1.286666956730187,63.81896838513052
306937.68621025,2.9422909719869494,1.252375019248575,63.819199111435466
306937.720575791,1.9360840087756515,1.2476660194806755,63.819199111435466
306937.75497275,2.3263749899342656,1.2852909858338535,63.819199111435466
306937.789367416,2.200958027970046,1.2525420170277357,63.819199111435466
306937.82292275,2.380999969318509,1.6257090028375387,63.819199111435466
306937.85729025,2.108834043610841,1.2749159941449761,63.819199111435466
306937.891665541,2.572416968178004,1.2973329867236316,63.819199111435466
306937.926023791,1.8479580176062882,1.3136250199750066,63.819199111435466
306937.960374083,1.243709004484117,1.2173749855719507,63.819199111435466
306937.994719083,1.271583023481071,1.2534999987110496,63.819199111435466
306938.029059708,1.32733304053545,1.2206669780425727,63.819199111435466
306938.063404666,1.3208750169724226,1.265833037905395,63.819199111435466
306938.097748416,1.4871250023134053,1.2659169733524323,63.819199111435466
306938.132104416,1.4466250431723893,1.270374981686473,63.819199111435466
306938.166474458,1.6630419995635748,1.2554580462165177,63.819199111435466
306938.200879833,1.9653330091387033,1.2597499880939722,63.819199111435466
306938.234728291,1.9955830066464841,1.3322920422069728,63.819199111435466
306938.269093,2.2266250452958047,1.2730839662253857,63.819199111435466
306938.3027215,2.067459048703313,1.2982499902136624,63.819199111435466
306938.33712125,2.014583966229111,1.3868330279365182,63.819199111435466
306938.371491625,2.1307499846443534,1.2833750224672258,63.819199111435466
306938.405854208,2.09070899290964,1.433708006516099,63.819199111435466
306938.43943075,2.1136249997653067,1.274583046324551,63.819199111435466
306938.473798333,2.270209020934999,1.3221249682828784,63.819199111435466
306938.508134375,2.102250000461936,1.26541598001495,63.819199111435466
306938.541951583,2.1731670130975544,1.2583329807966948,63.819199111435466
306938.576319875,1.9318750128149986,1.3302909792400897,63.819199111435466
306938.610688625,2.6146669988520443,1.2555000139400363,63.819199111435466
306938.645053541,2.5229169987142086,1.2829169863834977,63.819199111435466
306938.678624666,1.1705419747158885,1.2040410074405372,63.819199111435466
306938.712981125,1.3126250123605132,1.253416994586587,63.819199111435466
306938.747342625,2.1810419857501984,1.233500021044165,63.819199111435466
306938.781703916,2.2905829828232527,1.3250000192783773,63.819199111435466
306938.81604475,1.8526659696362913,1.2933340040035546,63.819199111435466
306938.850416625,2.263000002130866,1.2729159789159894,63.819199111435466
306938.884815416,2.191875013522804,1.2729589943774045,63.819199111435466
306938.919186291,2.1900830324739218,1.2818329851143062,63.819199111435466
306938.953549083,2.135041984729469,1.2680829968303442,63.819199111435466
306938.987923458,2.494916960131377,1.3947910047136247,63.819199111435466
306939.021853416,1.229249988682568,1.2048330390825868,63.819199111435466
306939.056199458,1.3227909803390503,1.2246250407770276,63.819199111435466
306939.090573875,2.7626249939203262,1.287124992813915,63.819199111435466
306939.124139875,2.4757920182310045,1.2660829816013575,63.819199111435466
306939.15776825,2.260749984998256,1.3349170330911875,63.819199111435466
306939.192129208,1.449999981559813,1.2641250505112112,63.819199111435466
306939.22642725,1.4627500204369426,1.3163749827072024,63.819199111435466
306939.260797541,1.5691250446252525,1.2512499815784395,63.819199111435466
306939.295154583,1.6728329937905073,1.2537919683381915,63.819199111435466
306939.328990166,1.869875006377697,1.2500419979915023,63.819199111435466
306939.363351,1.7805829993449152,1.2315000058151782,63.819199111435466
306939.39770825,1.74716702895239,1.246166997589171,63.819199111435466
306939.432073333,2.718583040405065,1.2596669839695096,63.819199111435466
306939.466438416,1.6920409980230033,1.2401670101098716,63.819199111435466
306939.500823541,1.9981670193374157,1.2725000269711018,63.819199111435466
306939.535197041,2.0532080088742077,1.2722089886665344,63.819199111435466
306939.569560166,1.9865829963237047,1.273041998501867,63.819199111435466
306939.603917291,1.9178329966962337,1.311416970565915,63.819199111435466
306939.637635083,1.9771659863181412,1.2870000209659338,63.819199111435466
306939.672025208,2.07462499383837,1.2696670019067824,63.819199111435466
306939.706390041,2.349750022403896,1.2776670046150684,63.819199111435466
306939.740270708,2.659458958078176,1.2462910381145775,63.819199111435466
306939.773719708,1.957166998181492,1.3788750511594117,63.819199111435466
306939.807411416,2.044415974523872,1.2793340138159692,63.819199111435466
306939.84177325,2.1632499992847443,1.3542079832404852,63.819199111435466
306939.875332958,2.399833989329636,1.3156660133972764,63.819199111435466
306939.909692166,2.6342920027673244,1.1212080135010183,63.819199111435466
306939.943110625,2.9345410293899477,1.2977920123375952,63.819199111435466
306939.977069625,2.214792009908706,1.2657499755732715,63.819199111435466
306940.011461583,2.1722500096075237,1.352333987597376,63.819199111435466
306940.045817333,1.2611249694600701,1.1979160481132567,63.819199111435466
306940.080177333,1.2817910173907876,1.2669590068981051,63.819199111435466
306940.114530875,1.3090840075165033,1.331583014689386,63.819429837740415
306940.148884166,1.4059999957680702,1.2552920379675925,63.819660564045364
306940.183236875,1.4242079923860729,1.2721670209430158,63.81989129035031
306940.21717575,1.5904580359347165,1.254500006325543,63.82012201665526
306940.251543625,2.0807079854421318,1.299833005759865,63.82035274296021
306940.285935083,1.826499996241182,1.3782920432277024,63.82058346926516
306940.32041025,1.798250013962388,1.2546249781735241,63.82081419557011
306940.354777791,1.8733330070972443,1.2563340133056045,63.82104492187506
306940.3891385,1.7720420146360993,1.2618749751709402,63.821275648180006
306940.423179166,1.7384999664500356,1.2584580108523369,63.821506374484954
306940.457560958,1.7565839807502925,1.2785409926436841,63.8217371007899
306940.491930458,2.3275419953279197,1.2770830071531236,63.82196782709485
306940.52534375,1.7751660197973251,1.2705840053968132,63.8221985533998
306940.559702583,2.185499994084239,1.3228750322014093,63.82242927970475
306940.593073583,1.7457089852541685,1.2805000296793878,63.8226600060097
306940.627054458,1.71933404635638,1.2777909869328141,63.82289073231465
306940.661411208,1.7324999789707363,1.2739580124616623,63.823121458619596
306940.69576825,1.7555829836055636,1.2452920200303197,63.823352184924545
306940.730126708,1.7612919909879565,1.3035829761065543,63.823582911229494
306940.763784208,1.6854999703355134,1.3070409768261015,63.82381363753444
306940.797603958,1.876374997664243,1.4264589990489185,63.82404436383939
306940.831249833,1.7478750087320805,1.4064169954508543,63.82427509014434
306940.865057541,1.3020829646848142,1.2044170289300382,63.82450581644929
306940.899418125,1.7722079646773636,1.2265830300748348,63.82473654275424
306940.933603375,1.89595902338624,1.2685409747064114,63.82496726905919
306940.9679625,1.8746249843388796,1.2612090213224292,63.825197995364135
306941.005471708,1.5057919663377106,1.2059580185450613,63.825428721669084
306941.039089708,1.3561250525526702,1.2102919863536954,63.82565944797403
306941.073449541,1.7826250405050814,1.2699999497272074,63.82589017427898
306941.107287,1.78770802449435,1.3353750109672546,63.82612090058393
306941.141645166,1.8675000173971057,1.7741250339895487,63.82635162688888
306941.1758565,1.7919159727171063,1.2877089902758598,63.82658235319383
306941.210202291,2.539207984227687,1.2282090028747916,63.82681307949878
306941.244560708,1.8201250350102782,1.2529169907793403,63.827043805803726
306941.278648666,1.8106669886037707,1.2477909913286567,63.827274532108675
306941.313016083,1.756542013026774,1.2495419941842556,63.82750525841362
306941.347375583,1.8936250125989318,1.9599589868448675,63.82773598471857
306941.381215125,1.7620829748921096,1.2561670155264437,63.82796671102352
306941.414971125,1.8878750270232558,1.284541969653219,63.82819743732847
306941.4486205,1.9846250070258975,1.2117089936509728,63.82842816363342
306941.482183541,1.8345420248806477,1.2630829587578773,63.82865888993837
306941.51634,1.8130000098608434,1.2479579891078174,63.828889616243316
306941.550461666,1.823625003453344,1.222041028086096,63.829120342548265
306941.584306916,1.8355840002186596,1.2680410291068256,63.829351068853214
306941.618358541,1.9888329552486539,1.250542001798749,63.82958179515816
306941.652725708,1.763415988534689,1.254292030353099,63.82981252146311
306941.686974083,1.4456670032814145,1.2174160219728947,63.83004324776806
306941.721317833,1.1910829925909638,1.1964589939452708,63.83027397407301
306941.755670458,1.2021250440739095,1.2089169467799366,63.83050470037796
306941.790013916,1.2992079718969762,1.2168330140411854,63.83073542668291
306941.824366333,1.347915967926383,1.2279170332476497,63.830966152987855
306941.858720291,1.4778749900870025,1.2310410384088755,63.831196879292804
306941.893081958,1.6027079545892775,1.2362500419840217,63.83142760559775
306941.927324791,1.7284160130657256,1.240417012013495,63.8316583319027
306941.961685166,1.669290999416262,1.2427920009940863,63.83188905820765
306941.995991458,1.676957996096462,1.2270419974811375,63.8321197845126
306942.030360833,1.4674999983981252,1.2387079768814147,63.83235051081755
306942.064714333,1.2919169967062771,1.2692500022239983,63.8325812371225
306942.099072083,1.3258749968372285,1.20508304098621,63.832811963427446
306942.133415666,1.2214579619467258,1.2003750307485461,63.832811963427446
306942.167769666,1.2969590025022626,1.2074580299668014,63.833042689732395
306942.202133791,1.3163749827072024,1.2113749980926514,63.833042689732395
306942.236487583,1.280499971471727,1.2077499995939434,63.83327341603734
306942.270520625,1.4573329826816916,1.2228339910507202,63.83327341603734
306942.304881125,1.6995000187307596,1.2493339600041509,63.83350414234229
306942.33924525,1.6573749599047005,1.2992080301046371,63.83373486864724
306942.3736,1.751875039190054,1.3179999659769237,63.83396559495219
306942.407964125,1.9157910137437284,1.281666976865381,63.83419632125714
306942.44203825,2.133792033419013,1.241415971890092,63.83442704756209
306942.475579125,1.97779102018103,1.2460839934647083,63.83442704756209
306942.509936125,1.3583340332843363,1.2153330026194453,63.834657773867036
306942.544289583,1.4198339777067304,1.2158750323578715,63.834657773867036
306942.578649083,1.5221249777823687,1.2501670280471444,63.834657773867036
306942.61303425,1.6645420109853148,1.2229999992996454,63.834888500171985
306942.647391583,1.7073340131901205,1.2548330123536289,63.835119226476934
306942.681174166,1.6995840123854578,1.2509580119512975,63.83534995278188
306942.715529625,1.8600409966893494,1.260042015928775,63.83558067908683
306942.7489315,1.8968330114148557,1.2462919694371521,63.83581140539178
306942.783285791,1.7597500118426979,1.2360410182736814,63.83604213169673
306942.817133833,1.7452919855713844,1.239416014868766,63.83627285800168
306942.851494958,1.772916002664715,1.236500043887645,63.83650358430663
306942.885408833,1.6641659894958138,1.2339999666437507,63.836734310611575
306942.919772,1.7715420108288527,1.2470000074245036,63.836965036916524
306942.954103041,1.7268749652430415,1.2615420273505151,63.83719576322147
306942.988035875,1.7842920497059822,1.2316249776631594,63.83742648952642
306943.022394,1.7013329779729247,1.235417032148689,63.83765721583137
306943.056758583,1.5400000265799463,1.275791961234063,63.83788794213632
306943.091113208,1.292874978389591,1.2099170126020908,63.83811866844127
306943.12546375,1.323333999607712,1.3029580004513264,63.83834939474622
306943.159819,1.5548330266028643,1.2347089941613376,63.838580121051166
306943.193973625,1.2586659868247807,1.198084035422653,63.838810847356115
306943.228317458,1.2775000068359077,1.2167500099167228,63.83904157366106
306943.262673791,1.5222089714370668,1.249833032488823,63.83927229996601
306943.297028125,1.6461669583804905,1.2159160105511546,63.83950302627096
306943.331379166,1.4445839915424585,1.2246249825693667,63.83973375257591
306943.365734291,1.5750839957036078,1.237874967046082,63.83996447888086
306943.400057208,1.620875031221658,1.228499982971698,63.84019520518581
306943.43441025,1.5808329917490482,1.2435000389814377,63.840425931490756
306943.468766875,1.4508750173263252,1.262833015061915,63.840425931490756
306943.503140708,1.883291988633573,1.257791998796165,63.840656657795705
306943.537422875,1.8887920305132866,1.2623330112546682,63.840887384100654
306943.571782208,1.939707959536463,1.3257500249892473,63.840887384100654
306943.606139666,1.7227919888682663,1.3480420457199216,63.840887384100654
306943.640501416,1.9231250043958426,1.2558749876916409,63.840887384100654
306943.674695625,1.9592089811339974,1.3308330089785159,63.840887384100654
306943.70905475,1.93220900837332,1.2547909864224494,63.840887384100654
306943.742617,1.9858750165440142,1.2447909684851766,63.840887384100654
306943.776449708,1.9345839973539114,1.2534160050563514,63.840887384100654
306943.81080975,1.942959032021463,1.251332985702902,63.840887384100654
306943.845003291,1.8910419894382358,1.275916991289705,63.840887384100654
306943.879362125,1.9415419665165246,1.2541250325739384,63.840887384100654
306943.913725666,1.9325829925946891,1.2735420023091137,63.840887384100654
306943.948087458,1.8876250251196325,1.2755829957313836,63.840887384100654
306943.982254625,1.9896250450983644,1.25120795564726,63.840887384100654
306944.0161405,1.8642089562490582,1.2542500044219196,63.840887384100654
306944.04988825,1.8208330147899687,1.2476249830797315,63.8411181104056
306944.08431425,2.1398329990915954,1.2985419598408043,63.84996753734586
306944.118677791,3.2717089634388685,12.591416016221046,63.85881696428612
306944.153026166,1.6849999665282667,1.2185830273665488,63.86766639122638
306944.187395958,1.2437499826774001,1.1965419980697334,63.86766639122638
306944.221747166,1.2504159822128713,1.2105419882573187,63.86766639122638
306944.256100666,1.2280420050956309,1.2181250494904816,63.86766639122638
306944.290454458,1.2675829930230975,1.2226669932715595,63.86766639122638
306944.324806833,1.3450420228764415,1.2290829909034073,63.86766639122638
306944.359186041,2.4242920335382223,1.2486249906942248,63.86766639122638
306944.393580583,1.943624985869974,1.2575829750858247,63.86766639122638
306944.427881208,1.7424579709768295,1.3147499994374812,63.86766639122638
306944.462234958,1.6987919807434082,1.2322080438025296,63.86766639122638
306944.49627425,1.852833025623113,1.2403339496813715,63.86766639122638
306944.53019125,1.8949999939650297,1.2180839548818767,63.86766639122638
306944.564575208,1.8146249931305647,1.2469590292312205,63.86766639122638
306944.598931916,1.841709017753601,1.2470830115489662,63.86766639122638
306944.632947958,1.7980000120587647,1.3140829978510737,63.86766639122638
306944.667136291,1.7999170231632888,1.2510829837992787,63.86766639122638
306944.701013125,1.8577090231701732,1.2569999671541154,63.86766639122638
306944.735392625,1.9872499979101121,1.2627500109374523,63.86766639122638
306944.76921925,1.8950420198962092,1.2467500055208802,63.86766639122638
306944.803580625,1.9042500061914325,1.2262079981155694,63.86766639122638
306944.837940541,2.402957994490862,1.2600840418599546,63.86766639122638
306944.872297583,1.9253340433351696,1.2612909777089953,63.86766639122638
306944.906658583,1.8391250050626695,1.2891250080429018,63.86766639122638
306944.941018041,1.8687500269152224,1.2459169956855476,63.86766639122638
306944.97534375,1.8926250049844384,1.2503750040195882,63.86766639122638
306945.009672041,1.5909170033410192,1.2381660053506494,63.86766639122638
306945.044032875,1.6569590079598129,1.3005409855395555,63.86766639122638
306945.078392125,1.64695899002254,1.2673329911194742,63.86766639122638
306945.112749,1.7353749717585742,1.2261249939911067,63.86766639122638
306945.147103416,1.6791250091046095,1.3511659926734865,63.86766639122638
306945.181457375,1.23458297457546,1.2367499875836074,63.86766639122638
306945.214886666,1.2299579684622586,1.2225420214235783,63.86766639122638
306945.249245375,1.6073329607024789,1.2494580005295575,63.86766639122638
306945.291096583,1.942708040587604,1.203416963107884,63.86766639122638
306945.32544275,1.3452080311253667,1.2184170191176236,63.86766639122638
306945.359820833,1.8422499997541308,1.2862500152550638,63.86766639122638
306945.3941965,1.8927500350400805,1.2607499957084656,63.86766639122638
306945.428694208,1.8577090231701732,1.2432499788701534,63.86766639122638
306945.463107291,1.8489579670131207,1.2401670101098716,63.86766639122638
306945.497465291,1.7987079918384552,1.2901249574497342,63.86766639122638
306945.531230041,1.8652500002644956,1.2519999872893095,63.86766639122638
306945.565114333,1.8511670059524477,1.2578750029206276,63.86766639122638
306945.598999875,1.9652920309454203,1.2480419827625155,63.86766639122638
306945.633359875,1.8926250049844384,1.2402499560266733,63.86766639122638
306945.66772125,1.9431249820627272,1.2768750311806798,63.86766639122638
306945.701580375,1.8969159573316574,1.2502919998951256,63.86766639122638
306945.735333,1.2912919628433883,1.2190419947728515,63.86766639122638
306945.769684083,1.4249590458348393,1.2206659885123372,63.86766639122638
306945.804039,1.607124984730035,1.3336249976418912,63.86766639122638
306945.838328416,1.5653329901397228,1.6174580086953938,63.86766639122638
306945.872127625,1.3195420033298433,1.2056249543093145,63.86766639122638
306945.906484375,1.327292004134506,1.2074579717591405,63.86766639122638
306945.940841166,1.4819579664617777,1.2465000036172569,63.86766639122638
306945.974814791,1.7353330040350556,1.2134580174461007,63.86766639122638
306946.008546041,1.7541670240461826,1.3104579993523657,63.86766639122638
306946.042428958,1.8729169969446957,1.2579580070450902,63.86766639122638
306946.076482708,2.62700003804639,1.2600419577211142,63.86766639122638
306946.110074875,4.655750002712011,1.3895410229451954,63.86766639122638
306946.144432333,1.8313340260647237,1.2567079975269735,63.86766639122638
306946.178788041,1.275583985261619,1.1972910142503679,63.86766639122638
306946.213147375,1.2330830213613808,1.1943340068683028,63.86766639122638
306946.247501583,1.2242079828865826,1.2136250152252614,63.86766639122638
306946.281843208,1.2724589905701578,1.2221250217407942,63.86766639122638
306946.31619325,1.3224589638411999,1.219124998897314,63.86766639122638
306946.350550333,1.716708007734269,1.2537920265458524,63.86766639122638
306946.384909791,1.6846249927766621,1.2817920069210231,63.86766639122638
306946.4191145,1.7460419912822545,1.3481249916367233,63.86766639122638
306946.453413,1.7300829640589654,1.3682920252904296,63.86766639122638
306946.486856166,1.797167002223432,1.2427920009940863,63.86766639122638
306946.521217625,1.8672079895623028,1.5802090056240559,63.86766639122638
306946.555581458,1.875624991953373,1.2980829924345016,63.86766639122638
306946.589940041,1.7940000398084521,1.3197919470258057,63.86766639122638
306946.624307458,2.2461250191554427,1.3592909672297537,63.86766639122638
306946.657825125,1.6625000280328095,1.2599999899975955,63.86766639122638
306946.692182291,1.380584028083831,1.2268749997019768,63.86766639122638
306946.72652675,1.2295839842408895,1.3177079963497818,63.86766639122638
306946.760867666,1.2247500126250088,1.2651670258492231,63.86766639122638
306946.795236125,1.2662080116569996,1.2202500365674496,63.86766639122638
306946.829580125,1.3589590089395642,1.3176660286262631,63.86766639122638
306946.863940458,1.7553339712321758,1.239290984813124,63.86766639122638
306946.898300625,1.7313749995082617,1.3222909765318036,63.86766639122638
306946.932149458,2.07687501097098,1.237875025253743,63.86766639122638
306946.96650625,1.7183329910039902,1.2730829766951501,63.86766639122638
306947.000969,1.9283749861642718,1.3064999948255718,63.86766639122638
306947.034615625,1.7446670099161565,1.243625010829419,63.86766639122638
306947.068545541,1.8308750004507601,1.2448750203475356,63.86766639122638
306947.102339416,1.769249967765063,1.2612920254468918,63.86766639122638
306947.136701791,1.7259169835597277,1.244375016540289,63.86766639122638
306947.170668333,1.7863750108517706,1.2877089902758598,63.86766639122638
306947.205049625,2.169832994695753,1.2655830360017717,63.86766639122638
306947.239411458,1.7447919817641377,1.2450410285964608,63.86766639122638
306947.273701041,1.7206670017912984,1.250582979992032,63.86766639122638
306947.307286125,1.3724169693887234,1.225625048391521,63.86766639122638
306947.341631416,1.361624978017062,1.2400830164551735,63.86766639122638
306947.375985416,1.417083025444299,1.2279999791644514,63.86766639122638
306947.410343333,1.5132499975152314,1.3172089820727706,63.86766639122638
306947.444698625,1.722208980936557,1.2307909782975912,63.86766639122638
306947.47905525,1.7241250025108457,1.2377919629216194,63.86766639122638
306947.512471166,1.7856250051409006,1.2503330362960696,63.86766639122638
306947.546387166,1.6923329676501453,1.2532920227386057,63.86766639122638
306947.580753291,1.7575409729033709,1.3503340305760503,63.86766639122638
306947.614435791,1.7234170227311552,1.248665968887508,63.86766639122638
306947.648804541,1.2553329579532146,1.2142500490881503,63.86766639122638
306947.683157041,1.2993330019526184,1.2219580239616334,63.86766639122638
306947.717582458,1.645167008973658,1.2458330020308495,63.86766639122638
306947.751711541,1.6109999851323664,1.2485840125009418,63.86766639122638
306947.786064791,1.3770830119028687,1.2326249852776527,63.86766639122638
306947.820425916,1.6169999726116657,1.2303750263527036,63.86766639122638
306947.854091375,1.6730409697629511,1.2703340034931898,63.86766639122638
306947.888449958,1.7430419684387743,1.2468750355765224,63.86766639122638
306947.922332875,1.7299159662798047,1.2429170310497284,63.86766639122638
306947.956688208,1.4540419797413051,1.2142920168116689,63.86766639122638
306947.991044041,1.5409589977934957,1.2268329737707973,63.86766639122638
306948.025406875,1.6279590199701488,1.2695409823209047,63.86766639122638
306948.059790833,2.1267919801175594,1.2547919759526849,63.86766639122638
306948.09382425,1.84599997010082,1.3927079853601754,63.86766639122638
306948.128127458,1.7089999746531248,1.2896659900434315,63.86766639122638
306948.16249,1.744000008329749,1.259207958355546,63.86766639122638
306948.19601325,1.8160829786211252,1.2551670079119503,63.86766639122638
306948.230365833,1.2149999965913594,1.2002920266240835,63.86766639122638
306948.264709708,1.1900420067831874,1.1956249945797026,63.86766639122638
306948.299050833,1.1937920353375375,1.2085000053048134,63.86766639122638
306948.333392791,1.2179170153103769,1.2107500224374235,63.86766639122638
306948.367744791,1.269000000320375,1.2166670057922602,63.86766639122638
306948.402102625,1.5222500078380108,1.270833017770201,63.86766639122638
306948.4364605,1.625875011086464,1.2480830191634595,63.86766639122638
306948.470820666,1.6556669725105166,1.2400000123307109,63.86766639122638
306948.505179,1.5911669470369816,1.2654580059461296,63.86766639122638
306948.538677708,1.762332976795733,1.2558330199681222,63.86766639122638
306948.572732958,1.717875013127923,1.2655829777941108,63.86766639122638
306948.607097708,1.7152079963125288,1.270041975658387,63.86766639122638
306948.640850291,1.6716250102035701,1.2337919906713068,63.86766639122638
306948.674796875,1.6984579851850867,1.2330419849604368,63.86766639122638
306948.709154,1.615041051991284,1.2471249792724848,63.86766639122638
306948.748558958,1.5218329499475658,1.2000420247204602,63.86766639122638
306948.782911333,1.170624978840351,1.2089580413885415,63.86766639122638
306948.817401166,1.6763749881647527,1.301624986808747,63.86766639122638
306948.851076083,1.6243330319412053,1.2381249689497054,63.86766639122638
306948.884468333,1.775125041604042,1.2315419735386968,63.86766639122638
306948.918280375,1.6495829913765192,1.2459169956855476,63.86766639122638
306948.952642333,1.7015000339597464,1.2412919895723462,63.86766639122638
306948.986613625,1.6900000046007335,1.2593750143423676,63.86766639122638
306949.020969833,1.5963330515660346,1.2391249765641987,63.86766639122638
306949.055328875,1.8068329663947225,1.242250029463321,63.86766639122638
306949.089685666,1.7477080109529197,1.2538749724626541,63.86766639122638
306949.123261625,1.7619580030441284,1.2604590156115592,63.86766639122638
306949.157620875,1.7285840003751218,1.3601660029962659,63.86766639122638
306949.191981125,1.831082976423204,1.2640840141102672,63.86766639122638
306949.226343416,1.8682919908314943,1.2421249994076788,63.86766639122638
306949.260702083,1.981375040486455,1.2554999557323754,63.86766639122638
306949.294177541,1.9102080259472132,1.2517089489847422,63.86766639122638
306949.327637208,1.876833033747971,1.3314589741639793,63.86766639122638
306949.361993291,1.852499961387366,1.2271250016056001,63.86766639122638
306949.3963515,1.8836669623851776,1.2560830218717456,63.72095128992143
306949.430199958,2.097582968417555,1.267584040760994,63.54838008671058
306949.463650333,2.1446250029839575,1.3152090250514448,63.36719018286442
306949.498028083,2.03216599766165,1.270791981369257,63.19461897965357
306949.532395916,2.265750023070723,1.2636249884963036,63.02204777644272
306949.565765166,1.9489999976940453,1.2864589807577431,62.84085787259656
306949.599673333,2.0459580118767917,1.274749985896051,62.6596679687504
306949.634084833,1.9186249701306224,1.2706250417977571,62.51295286744545
306949.667839166,2.1137080038897693,1.2530419626273215,62.42656867058761
306949.70146125,1.9256669911555946,1.3014580472372472,62.34880317436509
306949.735831958,2.216749999206513,1.2619579792954028,62.27965637877787
306949.7702015,2.007334027439356,1.2761660036630929,62.22774698446125
306949.804574958,2.1894589881412685,1.290665997657925,62.22774698446125
306949.838941958,2.136374998372048,1.2540830066427588,62.22774698446125
306949.87263575,2.4075419642031193,1.2770420289598405,62.22774698446125
306949.907021583,2.199582988396287,1.2761669931933284,62.22774698446125
306949.940737833,2.5280829868279397,1.2752920156344771,62.22774698446125
306949.975111708,2.0721250330097973,1.2812080094590783,62.22774698446125
306950.009515083,2.0331249688751996,1.3449160032905638,62.22774698446125
306950.043126916,2.1708750282414258,1.3154589687474072,62.22774698446125
306950.077493375,2.0676670246757567,1.2803749996237457,62.22774698446125
306950.111859,2.5273750070482492,1.2627499527297914,62.22774698446125
306950.145234375,2.1004160516895354,1.2627499527297914,62.22774698446125
306950.179611875,2.323874970898032,1.2809999752789736,62.22774698446125
306950.21397375,2.0302910124883056,1.271958986762911,62.22774698446125
306950.248117666,2.2029579849913716,1.2595829903148115,62.22774698446125
306950.282471791,2.0893749897368252,1.2974999845027924,62.22774698446125
306950.316107958,1.3064999948255718,1.2003749725408852,62.22774698446125
306950.350468375,1.2737500364892185,1.2301249662414193,62.22774698446125
306950.384823291,1.262207981199026,1.2621249770745635,62.22774698446125
306950.419188916,1.363541989121586,1.260999997612089,62.22774698446125
306950.453539791,1.4260000316426158,1.2737910146825016,62.22774698446125
306950.487916125,1.6571659944020212,1.2597920140251517,62.22774698446125
306950.522295625,1.7427499988116324,1.2620000052265823,62.22774698446125
306950.556131,3.578041971195489,1.2870000209659338,62.22774698446125
306950.590501416,1.9376670243218541,1.2883750023320317,62.383114322201635
306950.624885541,2.06341699231416,1.2514580157585442,62.86599228408349
306950.65921275,2.150292042642832,1.306291960645467,63.47815075549488
306950.693191583,2.133833011612296,1.3406670186668634,64.26268323961233
306950.727566916,2.275874954648316,1.2670000432990491,65.05583442436509
306950.761489583,2.26341700181365,1.2900829897262156,65.7369425008589
306950.795740375,2.2668339661322534,1.2577910092659295,66.13363345638774
306950.830104958,2.1475410321727395,1.2946249917149544,66.13363345638774
306950.864474541,2.490165992639959,1.260375021956861,66.13363345638774
306950.898887333,1.8657920300029218,1.3201659894548357,66.13363345638774
306950.933247791,1.8740419764071703,1.2913750251755118,66.13363345638774
306950.967620166,2.072292030788958,1.2514159898273647,66.13363345638774
306951.001559333,1.9955000025220215,1.3325000181794167,66.13363345638774
306951.035561541,2.0598749979399145,1.277458039112389,66.13363345638774
306951.069931291,2.596208010800183,1.260249991901219,66.13363345638774
306951.103537416,2.083541010506451,1.265375001821667,66.13363345638774
306951.13791425,2.444665995426476,1.252500049304217,66.13363345638774
306951.172293083,2.3170829517766833,1.2536669964902103,66.13363345638774
306951.206670291,2.169499988667667,1.2639580527320504,66.13363345638774
306951.241037375,2.141416014637798,1.2664590030908585,66.13363345638774
306951.2753265,2.1613750141113997,1.2995419674552977,66.13363345638774
306951.309697583,2.243833034299314,1.271833956707269,66.13363345638774
306951.34313775,2.4752079625613987,1.3160830130800605,66.13363345638774
306951.377507958,2.508334000594914,1.2707909918390214,66.13363345638774
306951.411879041,2.318457991350442,1.2740829843096435,66.13363345638774
306951.445561583,2.1378329838626087,1.3110419968143106,66.13363345638774
306951.479943833,2.2939160116948187,1.4161670114845037,66.13363345638774
306951.514317416,2.559292013756931,1.3804169720970094,66.13363345638774
306951.548691958,2.688332984689623,1.2703330139629543,66.13363345638774
306951.583080166,2.0253330003470182,1.2666670372709632,66.13363345638774
306951.617168125,2.129000029526651,1.2648329720832407,66.13363345638774
306951.6515295,2.4632919812574983,1.2938749860040843,66.13363345638774
306951.685428333,1.4075000071898103,1.2589169782586396,66.13363345638774
306951.719792041,1.2627079850062728,1.2370829936116934,66.13363345638774
306951.754147833,1.2967910151928663,1.2452089576981962,66.13363345638774
306951.788506208,1.2615419691428542,1.258125004824251,66.13363345638774
306951.822862416,1.4393330202437937,1.2734580086544156,66.13363345638774
306951.857238125,1.6812089597806334,1.272207999136299,66.13363345638774
306951.891595791,1.9763329764828086,1.2593750143423676,66.13363345638774
306951.925940083,1.9687500316649675,1.277750008739531,66.13363345638774
306951.960308333,2.0148329786024988,1.254500006325543,66.13363345638774
306951.99467775,2.266833034809679,1.2484589824452996,66.13363345638774
306952.028570458,2.357291989028454,1.2518750154413283,66.13363345638774
306952.062955791,2.3494589840993285,1.254541042726487,66.13363345638774
306952.097320875,2.2218750091269612,1.2727080029435456,66.13363345638774
306952.131114291,2.5277920067310333,1.2355409562587738,66.13363345638774
306952.165472583,1.7962089623324573,1.2899159919470549,66.13363345638774
306952.199847458,1.4730830444023013,1.2544170022010803,66.13363345638774
306952.233811875,1.5117080183699727,1.260333985555917,66.13363345638774
306952.268182125,1.6953340382315218,1.2509999796748161,66.13363345638774
306952.30255475,1.9141659722663462,1.2879589921794832,66.13363345638774
306952.336922333,2.0133329671807587,1.2617920292541385,66.13363345638774
306952.371088708,1.2213330483064055,1.1959169642068446,66.13363345638774
306952.405451416,1.301540993154049,1.2452919618226588,66.13363345638774
306952.439810791,1.3466670061461627,1.2329579913057387,66.13363345638774
306952.474167291,1.2510409578680992,1.261833996977657,66.13363345638774
306952.508523791,1.5041250153444707,1.2731250026263297,66.13363345638774
306952.542900166,1.6229160246439278,1.2492919922806323,66.13363345638774
306952.577093916,1.815625000745058,1.2562079937197268,66.13363345638774
306952.6106545,1.9748330232687294,1.3160419766791165,66.13363345638774
306952.644984291,2.288041985593736,1.2946659699082375,66.13363345638774
306952.679350291,2.418499963823706,1.2509580119512975,66.13363345638774
306952.71311075,1.9648339948616922,1.2671250151470304,66.13363345638774
306952.747480083,2.146249986253679,1.2701249797828496,66.13363345638774
306952.781115083,2.0059170201420784,1.2927500065416098,66.13363345638774
306952.815489875,1.9763329764828086,1.299042021855712,66.13363345638774
306952.849850041,2.01279204338789,1.2620000052265823,66.13363345638774
306952.883858791,1.8870840431191027,1.2694159522652626,66.13363345638774
306952.917755583,1.8750830204226077,1.2485830229707062,66.13363345638774
306952.952120666,2.073083014693111,1.2613750295713544,66.13363345638774
306952.985766666,2.0293749985285103,1.2799579999409616,66.13363345638774
306953.019467458,1.8223750521428883,1.2862089788541198,66.13363345638774
306953.053829958,2.110667002853006,1.2692920281551778,66.13363345638774
306953.088201708,2.0289160311222076,1.2439169804565609,66.13363345638774
306953.1225615,2.2472079726867378,1.2857079855166376,66.13363345638774
306953.156941458,2.038208011072129,1.272916968446225,66.13363345638774
306953.191307291,2.759417053312063,1.2623749789781868,66.13363345638774
306953.225496125,2.410000015515834,1.271541987080127,66.13363345638774
306953.259867125,2.1941669983789325,1.2632079888135195,66.13363345638774
306953.294244833,2.0068750018253922,1.251332985702902,66.13363345638774
306953.328216083,2.1464579622261226,1.2667500413954258,66.13363345638774
306953.36187925,1.9708750187419355,1.2845000019297004,66.13363345638774
306953.395551333,2.1614580182358623,1.2538749724626541,66.13363345638774
306953.429917708,2.1378749515861273,1.263583020772785,66.13363345638774
306953.463829041,2.0613750093616545,1.342875009868294,66.13363345638774
306953.498195916,2.3783749784342945,1.3288750196807086,66.13363345638774
306953.532106625,2.510083024390042,1.2652499717660248,66.13363345638774
306953.565778416,2.0272500114515424,1.3229160103946924,66.13363345638774
306953.600145541,2.351334027480334,1.306207966990769,66.13363345638774
306953.634509125,2.289916970767081,1.2649580021388829,66.13363345638774
306953.668095375,2.025666006375104,1.2642089859582484,66.13363345638774
306953.70246075,2.3813750012777746,1.2908329954370856,66.13363345638774
306953.736271333,2.4437920073978603,1.255999959539622,66.13363345638774
306953.770635583,2.0395839819684625,1.215500000398606,66.13363345638774
306953.80501075,2.0645419717766345,1.2540830066427588,66.13363345638774
306953.839387625,2.009208023082465,1.2412919895723462,66.13363345638774
306953.873755666,2.3040830274112523,1.2498750002123415,66.13363345638774
306953.907917375,2.3127919994294643,1.2610420235432684,66.13363345638774
306953.942140041,2.021791005972773,1.2647499679587781,66.13363345638774
306953.975778416,2.419915981590748,1.248750020749867,66.13363345638774
306954.01014225,2.2462080232799053,1.2363339774310589,66.13363345638774
306954.044511041,2.1247080294415355,1.3043339713476598,66.13363345638774
306954.077958041,1.9528329721651971,1.2868749909102917,66.13363345638774
306954.111441708,2.2743329755030572,1.2978339800611138,66.13363345638774
306954.145267,2.1812079939991236,1.2392079806886613,66.13363345638774
306954.179633833,2.283874957356602,1.253542024642229,66.13363345638774
306954.213995833,2.22416699398309,1.5608330140821636,66.13363345638774
306954.248359916,2.3647499619983137,1.2598329922184348,66.13363345638774
306954.281723458,2.0912920008413494,1.263250014744699,66.13363345638774
306954.316091166,1.8632920109666884,1.258875010535121,66.13363345638774
306954.349602458,1.9529159762896597,1.2702090316452086,66.13363345638774
306954.383842541,1.934667001478374,1.2755000498145819,66.13363345638774
306954.418198208,1.2743750121444464,1.2065829942002892,66.13363345638774
306954.452560291,1.2478340067900717,1.2811659835278988,66.13363345638774
306954.486919833,1.3082500081509352,1.2587500386871397,66.13363345638774
306954.521276333,1.3586250133812428,1.258582982700318,66.13363345638774
306954.555634833,1.4128329930827022,1.2736670323647559,66.13363345638774
306954.589983,1.4592079678550363,1.2615830055437982,66.13363345638774
306954.624351291,1.7339999903924763,1.267540967091918,66.13363345638774
306954.658715916,1.860041986219585,1.255250012036413,66.13363345638774
306954.692145333,2.0749170216731727,1.2483749887906015,66.13363345638774
306954.72651825,2.2745829774066806,1.279834017623216,66.13363345638774
306954.760881375,2.363791980315,1.259665994439274,66.13363345638774
306954.795250541,1.9570000004023314,1.268375024665147,66.13363345638774
306954.829616375,2.2359590511769056,1.3295829994603992,66.13363345638774
306954.86301575,2.052374999038875,1.2509580119512975,66.13363345638774
306954.896407125,2.458249975461513,1.2933750404044986,66.13363345638774
306954.930149125,2.3652910022065043,1.3509999844245613,66.13363345638774
306954.96451475,2.3363750078715384,1.322916999924928,66.13363345638774
306954.999205166,8.28016601735726,1.2058750144205987,66.13363345638774
306955.033563875,1.3369579683057964,1.2169170076958835,66.13363345638774
306955.0679475,2.232333004940301,1.2797079980373383,66.13363345638774
306955.101580375,2.6301249745301902,1.2674169847741723,66.13363345638774
306955.134992583,2.0610420033335686,1.2572919949889183,66.13363345638774
306955.169372666,2.7025419985875487,1.275832997635007,66.13363345638774
306955.203750416,2.3705000057816505,1.2712919851765037,66.13363345638774
306955.237625541,2.1254169987514615,1.3075419701635838,66.13363345638774
306955.272001875,2.290500036906451,1.288583967834711,66.13363345638774
306955.306373041,2.669457986485213,1.2567919911816716,66.13363345638774
306955.340550791,2.450082974974066,1.2478330172598362,66.13363345638774
306955.374931625,2.6128750178031623,1.2630409910343587,66.13363345638774
306955.408312083,2.729457977693528,1.2753329938277602,66.13363345638774
306955.442177875,2.329916984308511,1.2700000079348683,66.13363345638774
306955.475678708,2.2969580022618175,1.2659169733524323,66.13363345638774
306955.51006975,2.3592080106027424,1.289999985601753,66.13363345638774
306955.544457041,2.3454169859178364,1.2584170326590538,66.13363345638774
306955.578844833,2.73479096358642,1.3087920378893614,66.13363345638774
306955.613219708,2.427666971925646,1.413875026628375,66.13363345638774
306955.646982791,2.338042017072439,1.3195420033298433,66.13363345638774
306955.680633666,2.4885000311769545,1.2670420110225677,66.13363345638774
306955.715012125,2.7073330129496753,1.2680829968303442,66.13363345638774
306955.749379583,2.530916011892259,1.2827920145355165,66.13363345638774
306955.782866041,2.0388750126585364,1.2833750224672258,66.13363345638774
306955.817241625,2.54566699732095,1.2612920254468918,66.13363345638774
306955.851449541,2.2590410080738366,1.2558749876916409,66.13363345638774
306955.885814416,2.1876670070923865,1.2767909793183208,66.13363345638774
306955.919543708,2.2003750200383365,1.3346659834496677,66.13363345638774
306955.95391875,1.5986250364221632,1.2738329824060202,66.13363345638774
306955.98827475,1.4708749949932098,1.270041975658387,66.13363345638774
306956.022653083,1.8096669809892774,1.2550000101327896,66.13363345638774
306956.057029875,1.565833983477205,1.304500037804246,66.13363345638774
306956.0914055,1.8081670277751982,1.2424159795045853,66.13363345638774
306956.125470208,1.8340000533498824,1.257333962712437,66.13363345638774
306956.159728416,1.8498749705031514,1.247707987204194,66.13363345638774
306956.193147541,2.331041032448411,1.2673749588429928,66.13363345638774
306956.227516791,2.2820000303909183,1.259208016563207,66.13363345638774
306956.261889875,2.107082982547581,1.2949170195497572,66.13363345638774
306956.296257833,2.467458019964397,1.317957998253405,66.13363345638774
306956.330624708,2.501834009308368,1.2522910255938768,66.13363345638774
306956.364354916,2.3325830115936697,1.3306670007295907,66.13363345638774
306956.398721291,2.3943340056575835,1.2632079888135195,66.13363345638774
306956.432196458,1.8288749852217734,1.2672499869950116,66.13363345638774
306956.465746333,1.24149996554479,1.2486670166254044,66.13363345638774
306956.500110166,1.2259589857421815,1.2302910326980054,66.13363345638774
306956.53381725,1.2729999725706875,1.2305830023251474,66.13363345638774
306956.568171,1.3047500397078693,1.2446249602362514,66.13363345638774
306956.602524458,1.4042499824427068,1.2698339996859431,66.13363345638774
306956.636896833,1.578458002768457,1.2661669752560556,66.13363345638774
306956.6712435,1.3767909840680659,1.2539169983938336,66.13363345638774
306956.705590208,1.229999994393438,1.2485830229707062,66.13363345638774
306956.739947291,1.1995829991064966,1.2123329797759652,66.13363345638774
306956.774302375,1.2735000345855951,1.2323749833740294,66.13363345638774
306956.808644583,1.3579170336015522,1.3153329491615295,66.13363345638774
306956.843001333,1.4762079808861017,1.290416985284537,66.13363345638774
306956.87736325,1.6223749844357371,1.2587080127559602,66.13363345638774
306956.911739166,1.8280410440638661,1.2594999861903489,66.13363345638774
306956.946098625,1.8398750107735395,1.324834011029452,66.13363345638774
306956.979706666,2.292332996148616,1.2557499576359987,66.13363345638774
306957.013711625,2.262707974296063,1.3048750115558505,66.13363345638774
306957.04751725,1.9484999938867986,1.258542004507035,66.13363345638774
306957.081877458,1.9548749551177025,1.3074580347165465,66.13363345638774
306957.115802958,1.9442079938016832,1.2376249651424587,66.13363345638774
306957.149980833,2.4895829847082496,1.2679999927058816,66.13363345638774
306957.183850208,1.8042079755105078,1.2546670041047037,66.13363345638774
306957.21820825,1.7700419994071126,1.3311249786056578,66.13363345638774
306957.252071083,2.300625026691705,1.2574999709613621,66.13363345638774
306957.286433791,1.881208037957549,1.2899579596705735,66.13363345638774
306957.320156958,2.07837502239272,1.2621249770745635,66.13363345638774
306957.354015666,1.9772079540416598,1.248750020749867,66.13363345638774
306957.388089583,1.9812500104308128,1.245875027962029,66.13363345638774
306957.421739208,2.0686659845523536,1.265333965420723,66.13363345638774
306957.456110166,2.0418749772943556,1.281042001210153,66.13363345638774
306957.490477458,2.374374947976321,1.2222500517964363,66.13363345638774
306957.524096916,2.1343340049497783,1.2584160431288183,66.13363345638774
306957.558464458,2.3742079501971602,1.2532499968074262,66.13363345638774
306957.592833875,2.022625005338341,1.257083029486239,66.13363345638774
306957.62720075,2.409834007266909,1.1998749687336385,66.13363345638774
306957.66073175,2.4162089684978127,1.2496249983087182,66.13363345638774
306957.694333708,2.105040999595076,1.2583340285345912,66.13363345638774
306957.728086375,2.3547090240754187,1.26541598001495,66.13363345638774
306957.762455416,2.2659999667666852,1.260375021956861,66.13363345638774
306957.796824625,2.2282080026343465,1.4016669592820108,66.13363345638774
306957.83118625,2.349874994251877,1.3475840096361935,66.13363345638774
306957.865695208,2.1440410055220127,1.3248749892227352,66.13363345638774
306957.900082166,2.369333989918232,1.25029101036489,66.13363345638774
306957.93395125,2.030792005825788,1.2741659884341061,66.13363345638774
306957.968106791,1.967958000022918,1.27483403775841,66.13363345638774
306958.002475583,1.8640829948708415,1.2582080089487135,66.13363345638774
306958.036865166,2.376458956860006,1.2635410530492663,66.13363345638774
306958.070827208,1.8281670054420829,1.3058329932391644,66.13363345638774
306958.105194916,2.1502500167116523,1.2719579972326756,66.13363345638774
306958.139564333,2.2581249941140413,1.274791022296995,66.13363345638774
306958.173937,2.2784589673392475,1.2579580070450902,66.13363345638774
306958.208310541,2.4879580014385283,1.2710000155493617,66.13363345638774
306958.24215175,2.0816249889321625,1.2651670258492231,66.13363345638774
306958.276493625,2.12004198692739,1.2452920200303197,66.13363345638774
306958.310771875,2.5036660372279584,1.2578750029206276,66.13363345638774
306958.344455708,2.367582987062633,1.2742090038955212,66.13363345638774
306958.378822083,2.351582981646061,1.2465830077417195,66.13363345638774
306958.412962875,2.314999990630895,1.2530410313047469,66.13363345638774
306958.447340625,2.3130839690566063,1.2975410209037364,66.13363345638774
306958.481706,2.4097920395433903,1.275207963772118,66.13363345638774
306958.515128958,2.0439160289242864,1.2634589802473783,66.13363345638774
306958.548523416,1.2892919476144016,1.2059160508215427,66.13363345638774
306958.582875875,1.256417017430067,1.2232500012032688,66.13363345638774
306958.617231458,1.285000005736947,1.2572499690577388,66.13363345638774
306958.651590291,1.325041987001896,1.2437920086085796,66.13363345638774
306958.685932916,1.3384170015342534,1.2449169880710542,66.13363345638774
306958.720290041,1.369709032587707,1.2677909689955413,66.13363345638774
306958.754665666,1.6318749985657632,1.2399579863995314,66.13363345638774
306958.7890305,1.818499993532896,1.252792018931359,66.13363345638774
306958.823399208,2.0534159848466516,1.2570420512929559,66.13363345638774
306958.857761166,2.419833035673946,1.2427920009940863,66.13363345638774
306958.892122416,2.074750023894012,1.2574580032378435,66.13363345638774
306958.926507875,2.29704100638628,1.251709007192403,66.13363345638774
306958.959899166,2.35745805548504,1.2665839749388397,66.13363345638774
306958.9939005,2.420750039163977,1.2681249645538628,66.13363345638774
306959.028262333,2.2562500089406967,1.2589999823831022,66.13363345638774
306959.062643458,2.3180829593911767,1.2572920531965792,66.13363345638774
306959.097004625,2.0867499988526106,1.340624992735684,66.13363345638774
306959.1313745,2.2432500263676047,1.3759590219706297,66.13363345638774
306959.165728708,2.0216249977238476,1.277624978683889,66.13363345638774
306959.199593416,1.8664160161279142,1.2709169532172382,66.13363345638774
306959.233538041,1.9982910016551614,1.2441669823601842,66.13363345638774
306959.267911,2.10545799927786,1.2674580211751163,66.13363345638774
306959.30227425,2.244458009954542,1.2659589992836118,66.13363345638774
306959.33661775,2.41258303867653,1.2535839923657477,66.13363345638774
306959.370979125,1.959957997314632,1.2667499831877649,66.13363345638774
306959.405235208,2.2349170176312327,1.313249988015741,66.13363345638774
306959.439604125,2.3588750045746565,1.2814590008929372,66.13363345638774
306959.473971625,2.3720409953966737,1.236374955624342,66.13363345638774
306959.508760166,2.8459159657359123,1.272709050681442,66.13363345638774
306959.54312775,2.1143750054761767,1.244791958015412,66.13363345638774
306959.577079333,2.0916660432703793,1.2204169761389494,66.13363345638774
306959.611261666,2.6644589961506426,1.2663330417126417,66.13363345638774
306959.645626208,2.1009580232203007,1.3046250096522272,66.13363345638774
306959.679352458,2.1322090178728104,1.2887910124845803,66.13363345638774
306959.713715291,2.189541992265731,1.316749956458807,66.13363345638774
306959.748095166,2.2046659723855555,1.2249170104041696,66.13363345638774
306959.781917666,2.112792048137635,1.2712499592453241,66.13363345638774
306959.81629225,2.2666669683530927,1.2686250265687704,66.13363345638774
306959.849923416,2.0895409979857504,1.2800000258721411,66.13363345638774
306959.88430575,2.2337090340442955,1.2710409937426448,66.13363345638774
306959.918689833,2.1743749966844916,1.2695000041276217,66.13363345638774
306959.952136166,2.064583997707814,1.2922079768031836,66.13363345638774
306959.986516458,2.2067090030759573,1.2597080203704536,66.13363345638774
306960.020953875,1.9245409639552236,1.4223750331439078,66.13363345638774
306960.055336583,1.7639999859966338,1.2626660172827542,66.13363345638774
306960.089453125,1.716708007734269,1.2755420175381005,66.13363345638774
306960.123006125,1.5123749617487192,1.2688330025412142,66.13363345638774
306960.156771291,1.446041977033019,1.2187500251457095,66.13363345638774
306960.190224166,1.4874999760650098,1.5540419844910502,66.13363345638774
306960.223797791,2.1177500020712614,1.326875004451722,66.13363345638774
306960.258156416,1.6138750361278653,1.2300419621169567,66.13363345638774
306960.292517666,1.893417036626488,1.25045794993639,66.13363345638774
306960.326538708,1.537167001515627,1.2492919922806323,66.13363345638774
306960.360896791,2.0633749663829803,1.2374169891700149,66.13363345638774
306960.395252541,1.4605000033043325,1.2710000155493617,66.13363345638774
306960.429528791,1.9745829631574452,1.2903340393677354,66.13363345638774
306960.463877416,1.8398749525658786,1.3267920003272593,66.13363345638774
306960.49758375,2.181958989240229,1.432666031178087,66.13363345638774
306960.531132083,1.317207992542535,1.2222499935887754,66.13363345638774
306960.565495416,1.9467090023681521,1.2391249765641987,66.13363345638774
306960.599853958,1.947999990079552,1.317458983976394,66.13363345638774
306960.634211458,1.5710419975221157,1.2621659552678466,66.13363345638774
306960.66857825,1.5329589950852096,1.2350829783827066,66.13363345638774
306960.702928125,1.2712079915218055,1.2049999786540866,66.13363345638774
306960.737275291,1.230292022228241,1.2209999840706587,66.13363345638774
306960.771620791,1.230625028256327,1.1919999960809946,66.13363345638774
306960.805967958,1.2129999813623726,1.2432499788701534,66.13363345638774
306960.840320291,1.2472920352593064,1.2263329699635506,66.13363345638774
306960.874669833,1.2526659993454814,1.2514589470811188,66.13363345638774
306960.908800541,1.211541995871812,1.2612920254468918,66.13363345638774
306960.943162083,1.533165981527418,1.2438340345397592,66.13363345638774
306960.976701416,1.6181659884750843,1.2500000302679837,66.13363345638774
306961.011058666,1.9927080138586462,1.2456249678507447,66.13363345638774
306961.045161041,1.587625010870397,1.2394170043990016,66.13363345638774
306961.078747958,1.5806250157766044,1.2452919618226588,66.13363345638774
306961.113105583,1.9906250527128577,1.317207992542535,66.13363345638774
306961.147462708,1.8097080173902214,1.3224590220488608,66.13363345638774
306961.181151791,2.0019589574076235,1.2663330417126417,66.13363345638774
306961.215509833,2.403708000201732,1.2264169636182487,66.13363345638774
306961.249864,1.7345419619232416,1.2529580271802843,66.13363345638774
306961.283686125,2.7100000297650695,1.2232500012032688,66.13363345638774
306961.317713625,1.93425000179559,1.3076670002192259,66.13363345638774
306961.351399875,1.7043330008164048,1.2123329797759652,66.13363345638774
306961.384810333,1.787375018466264,1.2452089576981962,66.13363345638774
306961.419170958,2.17129202792421,1.2278750073164701,66.13363345638774
306961.452775791,2.284292015247047,1.2240000069141388,66.13363345638774
306961.487135875,2.123708021827042,1.2445829925127327,66.13363345638774
306961.521534833,2.258665976114571,1.2716670171357691,66.13363345638774
306961.555933875,1.4812920126132667,1.2320000096224248,66.13363345638774
306961.590290375,1.3561249943450093,1.275541028007865,66.13363345638774
306961.624662,2.174166962504387,1.273708010558039,66.13363345638774
306961.658383583,2.2771660005673766,1.3066670508123934,66.13363345638774
306961.691918041,1.3669170439243317,1.2583329807966948,66.13363345638774
306961.726261416,1.2385000009089708,1.2410419876687229,66.13363345638774
306961.760613875,1.2144999927841127,1.2538330047391355,66.13363345638774
306961.794967291,2.419667027425021,2.059499965980649,66.13363345638774
306961.829322375,1.4970420161262155,1.270500011742115,66.13363345638774
306961.863683708,1.6414999845437706,1.2829159968532622,66.13363345638774
306961.898046666,1.7218749853782356,1.2598750181496143,66.13363345638774
306961.932414625,1.898040995001793,1.227749977260828,66.13363345638774
306961.966785,1.8562090117484331,1.291499997023493,66.13363345638774
306962.001895625,3.3867500023916364,1.2521250173449516,66.13363345638774
306962.047832375,2.2574590402655303,1.439457992091775,66.13363345638774
306962.082182458,1.37479102704674,1.2174999574199319,66.13363345638774
306962.116555083,2.073667012155056,1.260375021956861,66.13363345638774
306962.150920166,2.0317499875091016,1.2503329780884087,66.13363345638774
306962.185277916,2.016542013734579,1.2410830240696669,66.13363345638774
306962.219643458,2.258500026073307,1.253833994269371,66.13363345638774
306962.254008375,2.100582991261035,1.271124987397343,66.13363345638774
306962.288378708,2.0917499787174165,1.2855419772677124,66.13363345638774
306962.322747791,2.4534580297768116,1.2611669953912497,66.13363345638774
306962.357120583,2.1665830281563103,1.2575419968925416,66.13363345638774
306962.391501083,2.331207972019911,1.2580840266309679,66.13363345638774
306962.425340375,2.292332996148616,1.2666250113397837,66.13363345638774
306962.458979291,2.0557920215651393,1.2684999965131283,66.13363345638774
306962.492720083,2.413208014331758,1.2388330069370568,66.13363345638774
306962.526420916,1.3366250204853714,1.2340840185061097,66.13363345638774
306962.560767916,1.4845839468762279,1.2225410318933427,66.13363345638774
306962.595134208,1.6237919917330146,1.257500029169023,66.13363345638774
306962.629112875,1.756999990902841,1.2931249802932143,66.13363345638774
306962.663364541,1.8447079928591847,1.2307080323807895,66.13363345638774
306962.697725625,1.9398750155232847,1.278374984394759,66.13363345638774
306962.732096,3.099000023212284,1.285957987420261,66.13363345638774
306962.766457791,1.9322919542901218,1.256750023458153,66.13363345638774
306962.800848041,1.7298749880865216,1.2583750067278743,66.13363345638774
306962.835208666,1.7362079815939069,1.2563749914988875,66.13363345638774
306962.869562125,1.7397499759681523,1.227750035468489,66.13363345638774
306962.903942708,1.582792028784752,1.2564999633468688,66.13363345638774
306962.938297083,1.226958993356675,1.1975410161539912,66.13363345638774
306962.972643333,1.1959999683313072,1.1971670319326222,66.13363345638774
306963.006985208,1.19087501661852,1.2058329884894192,66.13363345638774
306963.041342458,1.3269169721752405,1.226291002240032,66.13363345638774
306963.075705791,1.6420409665443003,1.212167029734701,66.13363345638774
306963.110057208,1.6963749658316374,1.2885000323876739,66.13363345638774
306963.143710916,2.2189579904079437,1.3216669904068112,66.13363345638774
306963.178135458,2.077166980598122,1.256333023775369,66.13363345638774
306963.212073916,1.8365830183029175,1.2799579999409616,66.13363345638774
306963.246436791,1.9500409835018218,1.275499991606921,66.13363345638774
306963.280803708,1.9852090044878423,1.2975000427104533,66.13363345638774
306963.315188958,2.2177090286277235,1.3642499689012766,66.13363345638774
306963.349549458,2.0192089723423123,1.2447500484995544,66.13363345638774
306963.382976291,2.08004197338596,1.272000023163855,66.13363345638774
306963.417226541,2.3073750198818743,1.3047080137766898,66.13363345638774
306963.4516,1.9855829887092113,1.2545830104500055,66.13363345638774
306963.485963416,2.0828749984502792,1.273375004529953,66.13363345638774
306963.520152208,2.2002499899826944,1.2527499930001795,66.13363345638774
306963.554544333,2.116624964401126,1.2725830310955644,66.13363345638774
306963.58798025,2.062707964796573,1.2630000128410757,66.13363345638774
306963.622160625,2.0392919541336596,1.2795000220648944,66.13363345638774
306963.656529333,2.1932920208200812,1.3222499983385205,66.13363345638774
306963.690706041,2.436458016745746,1.1962499702349305,66.13363345638774
306963.7250845,2.4944579927250743,1.2174170115031302,66.13363345638774
306963.758664125,2.4476670078001916,1.2579170288518071,66.13363345638774
306963.792468833,2.493040985427797,1.261125027667731,66.13363345638774
306963.826838958,2.6146669988520443,1.2948329676873982,66.13363345638774
306963.861205583,2.402000012807548,1.3705419842153788,66.13363345638774
306963.894743375,2.361540973652154,1.2524999910965562,66.13363345638774
306963.9291205,2.1182079799473286,1.285624981392175,66.13363345638774
306963.963487541,2.39912502001971,1.3077500043436885,66.13363345638774
306963.997155083,1.9718330004252493,1.2574169668368995,66.13363345638774
306964.031362083,1.8379170214757323,1.2306669959798455,66.13363345638774
306964.065720708,2.0605410099960864,1.266416977159679,66.13363345638774
306964.100082375,1.8627910176292062,1.2953339610248804,66.13363345638774
306964.134436833,1.2587920064106584,1.2140829931013286,66.13363345638774
306964.16880525,2.208084042649716,1.2354159844107926,66.13363345638774
306964.203175541,2.154249988961965,1.2498340220190585,66.13363345638774
306964.237540625,2.258958003949374,1.3092919834889472,66.13363345638774
306964.271928875,2.033833006862551,1.3159590307623148,66.13363345638774
306964.306290583,2.3486660211347044,1.3320419820956886,66.13363345638774
306964.340659833,2.6197920087724924,1.2713330215774477,66.13363345638774
306964.374458541,2.639540995005518,1.2493340182118118,66.13363345638774
306964.40883825,2.1474999957717955,1.272624998819083,66.13363345638774
306964.442500541,2.2387499921023846,1.2773750349879265,66.13363345638774
306964.476875291,2.51108396332711,1.2740829843096435,66.13363345638774
306964.511253958,2.6478749932721257,1.268666994292289,66.13363345638774
306964.545215958,2.347333007492125,1.2717089848592877,66.13363345638774
306964.5796,2.4968330399133265,1.270167005714029,66.13363345638774
306964.613045625,2.352625015191734,1.2782089761458337,66.13363345638774
306964.6474235,2.3567909956909716,1.2811250053346157,66.13363345638774
306964.681790166,2.1617920137941837,1.2648329720832407,66.13363345638774
306964.71617425,1.3635409995913506,1.2344589922577143,66.13363345638774
306964.750531208,1.479000027757138,1.2645840179175138,66.13363345638774
306964.784895375,1.7292500124312937,1.2792909983545542,66.13363345638774
306964.819252958,1.6156249912455678,1.243292004801333,66.13363345638774
306964.853617541,1.7422090168111026,1.252374961040914,66.13363345638774
306964.887613041,1.9564160029403865,1.5590419643558562,66.13363345638774
306964.921439416,2.0960409892722964,1.260958961211145,66.13363345638774
306964.955793708,1.8997500301338732,1.3277919497340918,66.13363345638774
306964.989819958,1.9314999808557332,1.2838749680668116,66.13363345638774
306965.023238,1.2255829642526805,1.2240420328453183,66.13363345638774
306965.057593416,1.289667037781328,1.205666980240494,66.13363345638774
306965.092281083,2.9139170073904097,1.2771660112775862,66.13363345638774
306965.125639,1.6465410008095205,1.1664999765343964,66.13363345638774
306965.159034666,1.2987080262973905,1.2122499756515026,66.13363345638774
306965.1933785,1.2294580228626728,1.2273750035092235,66.13363345638774
306965.2270615,1.2118330341763794,1.2028340133838356,66.13363345638774
306965.261425208,1.170666015241295,1.2465419713407755,66.13363345638774
306965.295770583,1.1858330108225346,1.2302080285735428,66.13363345638774
306965.33008675,1.2341659748926759,1.1822920059785247,66.13363345638774
306965.364442416,1.2091670068912208,1.2649580021388829,66.13363345638774
306965.398788541,1.2085000053048134,1.2457079719752073,66.13363345638774
306965.433128625,1.204958010930568,1.2281249510124326,66.13363345638774
306965.467135291,1.252374961040914,1.2630840064957738,66.13363345638774
306965.501487208,1.3253339566290379,1.2707080459222198,66.13363345638774
306965.535843875,1.4419169747270644,1.2755829957313836,66.13363345638774
306965.570205708,1.7141249845735729,1.2633340083993971,66.13363345638774
306965.604568583,1.7542500281706452,1.2428329791873693,66.13363345638774
306965.638948625,1.6213330090977252,1.2786249862983823,66.13363345638774
306965.673309041,1.66862498736009,1.3025000225752592,66.13363345638774
306965.707681625,1.8857090035453439,1.3034159783273935,66.13363345638774
306965.741740791,2.0234999828971922,1.3289580238051713,66.13363345638774
306965.776100833,2.1368340239860117,1.8734579789452255,66.13363345638774
306965.809817916,2.242624992504716,1.2695830082520843,66.13363345638774
306965.844188833,2.119292039424181,1.2538330047391355,66.13363345638774
306965.877895958,1.868458988610655,1.3600829988718033,66.13363345638774
306965.911827333,1.4567910111509264,1.2632919824682176,66.13363345638774
306965.946189125,1.2864579912275076,1.226792053785175,66.13363345638774
306965.980545333,1.2564160278998315,1.2287499848753214,66.13363345638774
306966.014897333,1.3108340208418667,1.2831250205636024,66.13363345638774
306966.049251166,1.3679160038009286,1.2753749615512788,66.13363345638774
306966.083159041,1.814583025407046,1.2895420077256858,66.13363345638774
306966.117558166,1.79237499833107,1.2644159724004567,66.13363345638774
306966.15106675,1.9487090175971389,1.4032499748282135,66.13363345638774
306966.184728458,1.9107909756712615,1.2839590199291706,66.13363345638774
306966.218454416,1.8118330044671893,1.2681250227615237,66.13363345638774
306966.25252225,1.8944170442409813,1.2634579907171428,66.13363345638774
306966.286893333,1.9271670025773346,1.6531249857507646,66.13363345638774
306966.321033541,1.3725419994443655,1.2090830132365227,66.13363345638774
306966.355380791,1.364167022984475,1.2489159707911313,66.13363345638774
306966.389753916,2.067624998744577,1.3965420075692236,66.13363345638774
306966.423760208,1.5723329852335155,1.2742920080199838,66.13363345638774
306966.458115208,1.7521249828860164,1.4578329864889383,66.13363345638774
306966.491956166,1.5222089714370668,3.3719580387696624,66.13363345638774
306966.526315583,1.6417080187238753,1.2770420289598405,66.13363345638774
306966.56065475,1.9564999965950847,1.2467919732443988,66.13363345638774
306966.595009916,1.6962920199148357,1.2777079828083515,66.13363345638774
306966.628694,1.9547500414773822,1.264332968275994,66.13363345638774
306966.662603625,2.6419589994475245,1.244415994733572,66.13363345638774
306966.696498166,1.399416010826826,1.263541984371841,66.13363345638774
306966.730857291,1.2332500191405416,1.2301250244490802,66.13363345638774
306966.765216458,1.2690830044448376,1.2474170071072876,66.13363345638774
306966.799574291,1.29445904167369,1.2362499837763608,66.13363345638774
306966.8339185,1.3116670306771994,1.2475830153562129,66.13363345638774
306966.868270458,1.3554170145653188,1.262833015061915,66.13363345638774
306966.901875375,1.2112499680370092,1.1957079987041652,66.13363345638774
306966.936236625,1.5930410008877516,1.2225839891470969,66.13363345638774
306966.969978583,2.0275830174796283,1.2639999622479081,66.13363345638774
306967.004347208,1.9609170267358422,1.2680829968303442,66.13363345638774
306967.037824291,1.3171659666113555,1.2228339910507202,66.13363345638774
306967.072175458,1.4653329853899777,1.2568749953061342,66.13363345638774
306967.106542833,1.8459580023773015,1.300125033594668,66.13363345638774
306967.139988041,2.0016669877804816,1.2960410094819963,66.13363345638774
306967.173559541,2.1146669751033187,1.4872910105623305,66.13363345638774
306967.20737975,2.04979203408584,1.2652499717660248,66.13363345638774
306967.241112333,2.066000015474856,1.2880000285804272,66.13363345638774
306967.275490375,2.5758749688975513,1.1540420236997306,66.13363345638774
306967.309873125,2.5201250100508332,1.3287919573485851,66.13363345638774
306967.343763125,2.098167024087161,1.3018749887123704,66.13363345638774
306967.377309666,1.2242499506101012,1.20433303527534,66.13363345638774
306967.411675875,1.2446250184439123,1.317584014032036,66.13363345638774
306967.446018625,1.191207964438945,1.2163339997641742,66.13363345638774
306967.480366291,1.2807910097762942,1.2532499968074262,66.13363345638774
306967.514724125,1.4060420216992497,1.2700409861281514,66.13363345638774
306967.54909925,1.640666974708438,1.2408330221660435,66.13363345638774
306967.582706,1.755415985826403,1.2466670013964176,66.13363345638774
306967.617061875,1.5284169930964708,1.2822080170735717,66.13363345638774
306967.6514185,1.4236249844543636,1.2687499984167516,66.13363345638774
306967.6857665,1.4659580192528665,1.275916991289705,66.13363345638774
306967.720121916,1.4343750081025064,1.2945000198669732,66.13363345638774
306967.754515958,1.5707080019637942,1.262041972950101,66.13363345638774
306967.788033375,1.7673749825917184,1.2561670155264437,66.13363345638774
306967.821862458,1.6827500076033175,1.256332965567708,66.13363345638774
306967.856231166,1.8070000223815441,1.2728339643217623,66.13363345638774
306967.890598208,2.009499992709607,1.2967910151928663,66.13363345638774
306967.924961458,2.1548750228248537,1.2797089875675738,66.13363345638774
306967.959326375,2.656541997566819,1.2652919976972044,66.13363345638774
306967.99303825,2.6307079824618995,1.2597500463016331,66.13363345638774
306968.027422875,2.0992080098949373,1.284250000026077,66.13363345638774
306968.061139291,2.1394999930635095,1.2720829690806568,66.13363345638774
306968.095514041,1.9338330021128058,1.3166249846108258,66.13363345638774
306968.129871333,1.8257079645991325,1.2330840108916163,66.13363345638774
306968.163888458,1.762000028975308,1.4165409957058728,66.13363345638774
306968.198246208,1.9777920097112656,1.2922909809276462,66.13363345638774
306968.232630291,1.8660420319065452,1.3197920052334666,66.13363345638774
306968.266996791,1.9155830377712846,1.2709579896181822,66.13363345638774
306968.300386333,2.0343330106697977,1.246166997589171,66.13363345638774
306968.333860333,1.8513749819248915,1.2665410176850855,66.13363345638774
306968.368228083,1.8479590071365237,1.2839160044677556,66.13363345638774
306968.402593166,2.3218340356834233,1.2439580168575048,66.13363345638774
306968.436968916,1.9427089719101787,1.2593329884111881,66.13363345638774
306968.471336958,2.0329169929027557,1.242541999090463,66.13363345638774
306968.505698125,1.9410829991102219,1.298749994020909,66.13363345638774
306968.540065333,2.118417003657669,1.2545419740490615,66.13363345638774
306968.573728333,2.0042500109411776,1.2602920178323984,66.13363345638774
306968.608113291,2.0910000312142074,1.2779170065186918,66.13363345638774
306968.642167166,2.0669170189648867,1.4013329637236893,66.13363345638774
306968.676530708,1.9823750481009483,1.3053329894319177,66.13363345638774
306968.709960791,2.274291997309774,1.247999956831336,66.13363345638774
306968.74629075,1.4143330045044422,2.185916993767023,66.13363345638774
306968.780654416,1.3184580020606518,1.2530420208349824,66.13363345638774
306968.815021625,2.3726250510662794,1.2522499891929328,66.13363345638774
306968.848401125,1.8694160389713943,1.307041966356337,66.13363345638774
306968.882274958,2.000290958676487,1.2723340187221766,66.13363345638774
306968.9160775,1.8602919881232083,1.2863329611718655,66.13363345638774
306968.950439583,1.8834170186892152,1.2714160257019103,66.13363345638774
306968.9838775,2.180500014219433,1.2392079806886613,66.13363345638774
306969.017676625,2.063833991996944,1.2589579564519227,66.13363345638774
306969.052045458,2.0449169678613544,1.261458033695817,66.13363345638774
306969.085832375,1.8627499812282622,1.2883750023320317,66.13363345638774
306969.12019925,1.8740409868769348,1.2537920265458524,66.13363345638774
306969.154579041,2.3386660031974316,1.257167023140937,66.13363345638774
306969.188950416,1.975583960302174,1.3047500397078693,66.13363345638774
306969.223319833,1.991041994187981,1.257791998796165,66.13363345638774
306969.257180625,1.8873339868150651,1.286707993131131,66.13363345638774
306969.291545458,2.7355419588275254,1.2654170277528465,66.13363345638774
306969.325913958,2.53370899008587,1.2742910184897482,66.13363345638774
306969.360069333,2.294834004715085,1.280625001527369,66.13363345638774
306969.393876541,2.2744580055586994,1.285333011765033,66.13363345638774
306969.428294125,1.920167007483542,1.2558749876916409,66.13363345638774
306969.462552125,1.9084999803453684,1.2633330188691616,66.13363345638774
306969.496924416,1.8667920376174152,1.2507910141721368,66.13363345638774
306969.530935916,2.8425000491552055,1.2264589895494282,66.13363345638774
306969.56530525,2.638666017446667,1.2740420061163604,66.13363345638774
306969.599673583,2.3644579923711717,1.2805830338038504,66.13363345638774
306969.634030916,1.9080409547314048,1.2702090316452086,66.13363345638774
306969.6684095,1.4740420156158507,1.3380000018514693,66.13363345638774
306969.702767583,1.4438749640248716,1.2568340171128511,66.13363345638774
306969.737127541,1.6647499869577587,1.2548749800771475,66.13363345638774
306969.771506375,1.7202910385094583,1.225499960128218,66.13363345638774
306969.80586475,1.7755830194801092,1.2441669823601842,66.13363345638774
306969.840224916,1.8800830002874136,1.2738750083371997,66.13363345638774
306969.874114791,1.8852080102078617,1.2799170217476785,66.13363345638774
306969.907759,1.9324999884702265,1.249041990377009,66.13363345638774
306969.942115625,2.1154999849386513,1.2858330155722797,66.13363345638774
306969.976042375,2.1212499705143273,1.2761660036630929,66.13363345638774
306970.009569416,2.1917499834671617,1.2627500109374523,66.13363345638774
306970.043939333,2.2500830236822367,1.270374981686473,66.13363345638774
306970.077841875,2.3024999536573887,1.2937080464325845,66.13363345638774
306970.112202,1.8287500133737922,1.2775830109603703,66.13363345638774
306970.146590958,1.7978749820031226,1.2594170402735472,66.13363345638774
306970.180495333,1.8993749981746078,1.3239579857327044,66.13363345638774
306970.214870208,2.3165830061770976,1.2544590281322598,66.13363345638774
306970.249231375,1.8753749900497496,1.3053330476395786,66.13363345638774
306970.282962666,1.8762910040095448,1.2272089952602983,66.13363345638774
306970.31723075,1.980624976567924,1.252375019248575,66.13363345638774
306970.351605833,1.814457995351404,1.2532080290839076,66.13363345638774
306970.385966458,1.887334045022726,1.2910409714095294,66.13363345638774
306970.420336625,1.984959002584219,1.2839579721912742,66.13363345638774
306970.453833791,1.9101249636150897,1.2515840353444219,66.13363345638774
306970.488197,2.3924169945530593,1.2685830006375909,66.13363345638774
306970.522565875,2.0136249950155616,1.287124992813915,66.13363345638774
306970.556937583,2.175250032451004,1.2655419996008277,66.13363345638774
306970.5912935,1.914791006129235,1.215500000398606,66.13363345638774
306970.625671041,2.4658329784870148,1.3377920258790255,66.13363345638774
306970.659175583,2.2565419785678387,1.270791981369257,66.13363345638774
306970.693277125,2.2993330494500697,1.2815419468097389,66.13363345638774
306970.7277205,2.1554590202867985,1.295041001867503,66.13363345638774
306970.762079833,1.9690829794853926,1.2761250254698098,66.13363345638774
306970.796451041,2.104833023622632,1.2780000106431544,66.13363345638774
306970.830801166,1.2229590211063623,1.2572080013342202,66.13363345638774
306970.86516325,1.289666979573667,1.2291250168345869,66.13363345638774
306970.899506958,1.2485830229707062,1.272000023163855,66.13363345638774
306970.933698625,1.3204580172896385,1.3314589741639793,66.13363345638774
306970.96720375,1.3473749859258533,1.263290992937982,66.13363345638774
306971.001550791,1.3483749935403466,1.2517080176621675,66.13363345638774
306971.035925541,1.9598329672589898,1.2752500479109585,66.13363345638774
306971.069833583,1.8163329805247486,1.2357080122455955,66.13363345638774
306971.104205416,1.850416010711342,1.2358339736238122,66.13363345638774
306971.13788575,2.0903749973513186,1.271250017452985,66.13363345638774
306971.171734708,2.176083973608911,1.3498750049620867,66.13363345638774
306971.205513,1.9972090376541018,1.2807499733753502,66.13363345638774
306971.2394025,2.1729589789174497,1.2620000052265823,66.13363345638774
306971.273764041,1.948749995790422,1.283833000343293,66.13363345638774
306971.308162666,2.124749997165054,1.3408340164460242,66.13363345638774
306971.342546166,1.961125002708286,1.3550419826060534,66.13363345638774
306971.376519166,2.1446250029839575,1.2633340083993971,66.13363345638774
306971.410146625,2.059333026409149,1.2728750007227063,66.13363345638774
306971.443532375,2.2653340129181743,1.2529160012491047,66.13363345638774
306971.477900666,2.1169170504435897,1.273666974157095,66.13363345638774
306971.51226425,2.0392920123413205,1.265792001504451,66.13363345638774
306971.545934208,2.03216599766165,1.2574999709613621,66.13363345638774
306971.580302083,2.47479195240885,1.2555420398712158,66.13363345638774
306971.614661833,1.8176669836975634,1.2670830474235117,66.13363345638774
306971.649061208,1.858250005170703,1.2591250124387443,66.13363345638774
306971.683417958,1.3780830195173621,1.2391670024953783,66.13363345638774
306971.717187833,1.219416968524456,1.2488749925978482,66.13363345638774
306971.751544791,1.2137499870732427,1.265792001504451,66.13363345638774
306971.785885166,1.2459999998100102,1.2465830077417195,66.13363345638774
306971.820241041,1.34470802731812,1.263874990399927,66.13363345638774
306971.854597291,1.398292020894587,1.3294160016812384,66.13363345638774
306971.888973541,1.6803750186227262,1.265041995793581,66.13363345638774
306971.923179041,1.8486250191926956,1.2429170310497284,66.13363345638774
306971.957410583,1.7623750027269125,1.270041975658387,66.13363345638774
306971.991786833,1.9998750067315996,1.332749961875379,66.13363345638774
306972.025539875,2.0004999823868275,1.278042036574334,66.13363345638774
306972.059908958,2.2287500323727727,1.260249991901219,66.13363345638774
306972.094278541,2.044666965957731,1.2557500158436596,66.13363345638774
306972.127779791,1.8502080347388983,1.2749169836752117,66.13363345638774
306972.161965833,1.8583749770186841,1.3672090135514736,66.13363345638774
306972.195469208,2.0071250037290156,1.2729170266538858,66.13363345638774
306972.229904708,1.8859169795177877,1.3285829918459058,66.13363345638774
306972.263596541,2.1121249883435667,1.245166000444442,66.13363345638774
306972.297110125,1.910791965201497,1.2851660139858723,66.13363345638774
306972.331440541,1.828166947234422,1.2630000128410757,66.13363345638774
306972.365225875,2.2582500241696835,1.2325409916229546,66.13363345638774
306972.399592541,1.9567919662222266,1.2690830044448376,66.13363345638774
306972.433949583,1.8675419851206243,1.2877080007456243,66.13363345638774
306972.468235291,2.0139580010436475,1.2912920210510492,66.13363345638774
306972.501676875,1.9155830377712846,1.3009589747525752,66.13363345638774
306972.535259291,1.7660000012256205,1.256750023458153,66.13363345638774
306972.569076833,1.8085420015268028,1.2674159952439368,66.13363345638774
306972.603445208,2.0479170489124954,1.277332950849086,66.13363345638774
306972.637808375,2.0060419919900596,1.35441601742059,66.13363345638774
306972.672181916,2.051540999673307,1.2640840141102672,66.13363345638774
306972.706199916,2.003750007133931,1.2690420262515545,66.13363345638774
306972.740568875,1.9110420253127813,1.2543749762699008,66.13363345638774
306972.774936916,2.077708952128887,1.2590830447152257,66.15972028459859
306972.809304875,1.970374956727028,1.262208039406687,66.26337541852718
306972.843116625,2.150209038518369,1.2494580005295575,66.43598015753815
306972.876676,2.377707976847887,1.2511250097304583,66.60858489654913
306972.910169583,2.036541001871228,1.2809999752789736,66.78118963556011
306972.944537208,2.065959037281573,1.3307499466463923,66.95379437457109
306972.978043208,1.941791968420148,1.2923750327900052,67.12639911358207
306973.012174125,1.9244999857619405,1.2707500136457384,67.29900385259305
306973.045812083,2.0293749985285103,1.3031670241616666,67.47160859160402
306973.080179625,2.3033330217003822,1.370791986119002,67.644213330615
306973.113795708,1.889374980237335,1.2625830131582916,67.81681806962598
306973.148169666,2.110250003170222,1.2873329687863588,67.98942280863696
306973.182278708,1.8356670043431222,1.25495798420161,68.16202754764794
306973.21664525,1.8599170143716037,1.2623330112546682,68.33463228665892
306973.251010375,2.0808750414289534,1.273666974157095,68.5072370256699
306973.285380833,2.041667001321912,1.2682920205406845,68.67984176468087
306973.319107875,2.021915977820754,1.240750018041581,68.85244650369185
306973.352772125,2.0587919862009585,1.2568330275826156,69.13709435096177
306973.387146541,1.9012499833479524,1.2516669812612236,69.61135361220835
306973.421523958,1.8897090340033174,1.2783330166712403,70.61135361220835
306973.455899666,1.8829170148819685,1.2920409790240228,71.61135361220835
306973.490263375,2.0965839503332973,1.2660830398090184,72.61135361220835
306973.524633041,2.217582950834185,1.246208033990115,73.61135361220835
306973.55814925,2.033500000834465,1.2564579956233501,74.61135361220835
306973.5924675,2.3264160263352096,1.2684999965131283,75.61135361220835
306973.626512708,2.5041670305654407,1.1957910028286278,76.61135361220835
306973.660901333,2.0540840341709554,1.331707986537367,77.61135361220835
306973.695259625,1.9612499745562673,1.2545420322567225,78.61135361220835
306973.729637041,1.8024169839918613,1.2521670432761312,79.49450549450549
306973.763798291,1.8711250158958137,1.3170000165700912,79.49450549450549
306973.797548666,1.8237080075778067,1.3914169976487756,79.49450549450549
306973.831926166,1.9014999852515757,1.2662499793805182,79.49450549450549
306973.865673291,1.9263330032117665,1.3007919769734144,79.49450549450549
306973.899853583,1.8846250022761524,1.270458975341171,79.49450549450549
306973.934211916,1.8896249821409583,1.2982499902136624,79.49450549450549
306973.968581583,2.0314169814810157,1.259625016245991,79.49450549450549
306974.002938916,1.8349160091020167,1.2727499706670642,79.49450549450549
306974.036810583,1.90791703062132,1.2495419941842556,79.49450549450549
306974.071177416,1.9005420035682619,1.2652499717660248,79.49450549450549
306974.105544416,2.0004999823868275,1.25029101036489,79.49450549450549
306974.139912666,1.8291249871253967,1.292541972361505,79.49450549450549
306974.174272541,2.007375005632639,1.2604590156115592,79.49450549450549
306974.207913916,2.005874994210899,1.255541981663555,79.49450549450549
306974.242265,1.250959001481533,1.20449997484684,79.49450549450549
306974.276619458,1.2546249781735241,1.2181249912828207,79.49450549450549
306974.310973625,1.3063340447843075,1.25420797849074,79.49450549450549
306974.345326291,1.2667499831877649,1.2451669899746776,79.49450549450549
306974.379678833,1.3206669827923179,1.2982909684069455,79.49450549450549
306974.414026458,1.381999987643212,1.2808329774998128,79.49450549450549
306974.448403541,1.7404590034857392,1.2641249923035502,79.49450549450549
306974.481829041,1.9667089800350368,1.1357500334270298,79.49450549450549
306974.516193708,2.1164999925531447,1.257374999113381,79.49450549450549
306974.550558208,2.011875039897859,1.2372079654596746,79.49450549450549
306974.584846583,1.783084007911384,1.2453750241547823,79.49450549450549
306974.61921,1.8103749607689679,1.2989999959245324,79.49450549450549
306974.653589666,1.9197080400772393,1.2708749854937196,79.49450549450549
306974.687686875,1.779792015440762,1.3449160032905638,79.49450549450549
306974.722050208,2.028459042776376,1.2701249797828496,79.49450549450549
306974.756418541,2.007458999287337,1.3540000072680414,79.49450549450549
306974.790787208,2.1894159726798534,1.3182919938117266,79.49450549450549
306974.824686583,2.2815829725004733,1.2710840092040598,79.49450549450549
306974.859049166,2.3795830202288926,1.264332968275994,79.49450549450549
306974.893412416,1.9817910506390035,1.2973749544471502,79.49450549450549
306974.927807291,1.9530419958755374,1.276708033401519,79.49450549450549
306974.962179208,1.8767499714158475,1.3401670148596168,79.49450549450549
306974.99654125,1.8502079765312374,1.2525829952210188,79.49450549450549
306975.0309085,1.7789169796742499,1.2623750371858478,79.49450549450549
306975.065285541,1.853875000961125,1.2954160338267684,79.49450549450549
306975.099655583,1.9855409627780318,1.264624996110797,79.49450549450549
306975.133889708,1.9514999585226178,1.2749580200761557,79.49450549450549
306975.168260041,2.3187079932540655,1.2465419713407755,79.49450549450549
306975.202237166,2.000875014346093,1.2738340301439166,79.49450549450549
306975.235714208,2.300332998856902,1.2583340285345912,79.49450549450549
306975.27009975,1.8710419535636902,1.291416003368795,79.49450549450549
306975.304468791,2.1289169671945274,1.2758750235661864,79.49450549450549
306975.338834791,2.3397079785354435,1.2497089919634163,79.49450549450549
306975.373197333,2.2160419612191617,1.263583020772785,79.49450549450549
306975.407018291,2.4700420326553285,1.3022079947404563,79.49450549450549
306975.440941833,2.4759579682722688,1.2635000166483223,79.49450549450549
306975.474700375,2.143041987437755,1.2737499782815576,79.49450549450549
306975.509065416,2.3419170174747705,1.2925000046379864,79.49450549450549
306975.543195583,2.342499967198819,1.2516670394688845,79.49450549450549
306975.576763291,2.2723329602740705,1.271958986762911,79.49450549450549
306975.611131125,2.2142919478937984,1.3763750321231782,79.49450549450549
306975.645600875,1.969709002878517,1.262499950826168,79.49450549450549
306975.679881833,1.9047910463996232,1.3130419538356364,79.49450549450549
306975.714247583,1.812709029763937,1.268249994609505,79.49450549450549
306975.74810475,1.838084019254893,1.2837499962188303,79.49450549450549
306975.781575125,1.7785000381991267,1.2743750121444464,79.49450549450549
306975.815939041,1.9614999764598906,1.2930419761687517,79.49450549450549
306975.850308958,2.0880840020254254,1.2956249993294477,79.49450549450549
306975.884682291,2.3264160263352096,1.246166997589171,79.49450549450549
306975.91810975,1.8160840263590217,1.3223750283941627,79.49450549450549
306975.952484166,1.8684999668039382,1.2710000155493617,79.49450549450549
306975.98683575,1.2484159669838846,1.2500840239226818,79.49450549450549
306976.021207416,1.2284170370548964,1.2168330140411854,79.49450549450549
306976.055567041,1.2897499836981297,1.2472919770516455,79.49450549450549
306976.08991325,1.3454160070978105,1.2632920406758785,79.49450549450549
306976.124269583,1.3583330437541008,1.3057089527137578,79.49450549450549
306976.158623583,1.5458340058103204,1.252082991413772,79.49450549450549
306976.192986291,1.9135419861413538,1.19666603859514,79.49450549450549
306976.22661025,2.643624960910529,1.2409170158207417,79.49450549450549
306976.260979125,2.067499968688935,1.3023330247960985,79.49450549450549
306976.294729416,2.3130420013330877,1.3476250460371375,79.49450549450549
306976.3286775,1.9028749666176736,1.2890420039184391,79.49450549450549
306976.363039125,1.9379999721422791,1.2331250472925603,79.49450549450549
306976.397129666,1.941499998793006,1.2553329579532146,79.49450549450549
306976.431536375,1.8248750129714608,1.2786249862983823,79.49450549450549
306976.465912041,1.8761660321615636,1.2207090039737523,79.49450549450549
306976.500080291,1.8481670413166285,1.2663329835049808,79.49450549450549
306976.533518166,1.9643750274553895,1.2488329666666687,79.49450549450549
306976.567876458,1.7824170063249767,1.2467079795897007,79.49450549450549
306976.602232166,1.8241669749841094,1.2363750138320029,79.49450549450549
306976.636602333,1.849957974627614,1.2515000416897237,79.49450549450549
306976.670958916,1.7334999865852296,1.2772080372087657,79.49450549450549
306976.704463875,1.3664159923791885,1.2556249857880175,79.49450549450549
306976.738822708,1.2677920167334378,1.274875015951693,79.49450549450549
306976.773177041,1.3664159923791885,1.2577090528793633,79.49450549450549
306976.807535166,1.278041978366673,1.2652080040425062,79.49450549450549
306976.841884208,1.368124969303608,1.2605420197360218,79.49450549450549
306976.87626325,1.6912079881876707,1.2867500190623105,79.49450549450549
306976.910641,1.7384590464644134,1.2523329933173954,79.49450549450549
306976.94410975,1.8721669912338257,1.2992080301046371,79.49450549450549
306976.978467333,2.042667008936405,1.2677079648710787,79.49450549450549
306977.012831291,2.2767920163460076,1.240040990523994,79.49450549450549
306977.047197875,1.7514160135760903,1.2907919590361416,79.49450549450549
306977.08095775,1.7856250051409006,1.291082997340709,79.49450549450549
306977.115322958,1.8330829916521907,1.2486249906942248,79.49450549450549
306977.148703041,1.9037080346606672,1.2376669910736382,79.49450549450549
306977.183067166,1.8176659941673279,1.2329170131124556,79.49450549450549
306977.217231958,1.7198330024257302,1.244042010512203,79.49450549450549
306977.251601166,1.6762910527177155,1.2732499744743109,79.49450549450549
306977.2859685,1.7897500074468553,1.2627909891307354,79.49450549450549
306977.320354916,1.848542015068233,1.2526250211521983,79.49450549450549
306977.354107166,1.8795420182868838,1.2699170038104057,79.49450549450549
306977.387642791,1.966874988283962,1.255541981663555,79.49450549450549
306977.422006583,1.9493750296533108,1.2990839895792305,79.49450549450549
306977.455701875,2.217792032752186,1.2828749604523182,79.49450549450549
306977.49006275,1.8440000130794942,1.3419579481706023,79.49450549450549
306977.524428416,2.417959040030837,1.2992499978281558,79.49450549450549
306977.558796458,2.1782079711556435,1.2651249999180436,79.49450549450549
306977.592188833,1.213249983265996,1.207541034091264,79.49450549450549
306977.626543708,1.4308749814517796,1.2879580026492476,79.49450549450549
306977.660922583,2.6118330424651504,1.248000015038997,79.49450549450549
306977.695297541,2.460332994814962,1.2530419626273215,79.49450549450549
306977.728998416,2.1406669984571636,1.2820829870179296,79.49450549450549
306977.763365625,2.0877920323982835,1.361291971988976,79.49450549450549
306977.797247208,1.2668330455198884,1.19983300101012,79.49450549450549
306977.831611833,1.241958001628518,1.2229999992996454,79.49450549450549
306977.865953833,1.2538330047391355,1.2699170038104057,79.49450549450549
306977.90031325,1.32695899810642,1.2587080127559602,79.49450549450549
306977.934665166,1.3795840204693377,1.3032910064794123,79.49450549450549
306977.969038708,1.6337080160155892,1.2401669519022107,79.49450549450549
306978.002588791,1.8954169936478138,1.2795829679816961,79.49450549450549
306978.036398166,1.9515830208547413,1.2582920026034117,79.49450549450549
306978.07012325,1.9775420078076422,1.2665410176850855,79.49450549450549
306978.104490875,1.9778329879045486,1.2590420083142817,79.49450549450549
306978.138861541,2.3237079731188715,1.2547500082291663,79.49450549450549
306978.172714375,2.4066659971140325,1.2689169961959124,79.49450549450549
306978.207088791,2.4275000323541462,1.2449579662643373,79.49450549450549
306978.241451666,2.283833979163319,1.31537503330037,79.49450549450549
306978.275137708,2.0006250124424696,1.2688330025412142,79.49450549450549
306978.309506791,2.2167919669300318,1.2912920210510492,79.49450549450549
306978.34384825,1.921249961014837,1.2619170011021197,79.49450549450549
306978.378205458,1.9759999704547226,1.2973339762538671,79.49450549450549
306978.41258375,1.3648750027641654,1.2465000036172569,79.49450549450549
306978.446940125,1.3727499754168093,1.2877500266768038,79.49450549450549
306978.481315416,1.5317079960368574,1.3221250264905393,79.49450549450549
306978.514977833,1.7595419776625931,1.2682079686783254,79.49450549450549
306978.549222791,1.9899579929187894,1.2470840010792017,79.49450549450549
306978.583599125,1.9325000466778874,1.248665968887508,79.49450549450549
306978.617955333,1.9677079981192946,1.3065829989500344,79.49450549450549
306978.651478541,2.0375000312924385,1.313083979766816,79.49450549450549
306978.685136625,2.0643749739974737,1.2761250254698098,79.49450549450549
306978.719504291,1.938333036378026,1.261416997294873,79.49450549450549
306978.753032791,1.9833329715766013,1.260375021956861,79.49450549450549
306978.787402291,1.9242920097894967,1.269291969947517,79.49450549450549
306978.82176225,2.086374966893345,1.2671250151470304,79.49450549450549
306978.8553845,2.040624967776239,1.2527090148068964,79.49450549450549
306978.88975,1.9818749860860407,1.2740000383928418,79.49450549450549
306978.924114916,2.3471660097129643,1.2872500228695571,79.49450549450549
306978.958472291,1.8736670026555657,1.3174579944461584,79.49450549450549
306978.992237666,2.927042020019144,1.2719170190393925,79.49450549450549
306979.02660675,2.629541966598481,1.265500031877309,79.49450549450549
306979.060058166,2.031290961895138,1.2774590286426246,79.49450549450549
306979.094105666,2.103333012200892,1.2749580200761557,79.49450549450549
306979.127908458,1.9019160536117852,1.2598339817486703,79.49450549450549
306979.161960833,1.8326249555684626,1.2842920259572566,79.49450549450549
306979.195868125,2.1050419891253114,1.2815420050173998,79.49450549450549
306979.230232916,1.9010420073755085,1.4074579812586308,79.49450549450549
306979.264012291,1.8564999918453395,1.2620000052265823,79.49450549450549
306979.297516166,1.8480420112609863,1.2662499793805182,79.49450549450549
306979.33187825,1.871249987743795,1.300541975069791,79.49450549450549
306979.3656115,1.8643749644979835,1.3116660411469638,79.49450549450549
306979.399982875,2.5646249996498227,1.258875010535121,79.49450549450549
306979.434346958,1.8751249881461263,1.2792080524377525,79.49450549450549
306979.468110916,1.9091250142082572,1.2544580386020243,79.49450549450549
306979.502473,2.2927079699002206,1.2627500109374523,79.49450549450549
306979.536842791,2.253208018373698,1.2820420088246465,79.49450549450549
306979.570241583,2.243208000436425,1.3296669931150973,79.49450549450549
306979.604592583,1.252042013220489,1.2032499653287232,79.49450549450549
306979.638958083,1.3382500037550926,1.2409999617375433,79.49450549450549
306979.673313791,1.2688749702647328,1.2616669991984963,79.49450549450549
306979.707670583,1.2913750251755118,1.237125019542873,79.49450549450549
306979.742012791,1.3586250133812428,1.2597920140251517,79.49450549450549
306979.776373791,1.4919580426067114,1.2657089973799884,79.49450549450549
306979.809860166,1.6537909978069365,1.2650839635170996,79.49450549450549
306979.843890333,1.7907090368680656,1.276915951166302,79.49450549450549
306979.877783791,1.7747500096447766,1.2515410198830068,79.49450549450549
306979.911385708,1.8908329657278955,1.2677090126089752,79.49450549450549
306979.945745791,1.7766249948181212,1.289666979573667,79.49450549450549
306979.980113416,1.8642079667188227,1.2566670193336904,79.49450549450549
306980.014469083,1.6976669430732727,1.2738750083371997,79.49450549450549
306980.048024708,2.047707966994494,1.2531670508906245,79.49450549450549
306980.081668166,2.160416974220425,1.2727080029435456,79.49450549450549
306980.116042791,1.7747909878380597,1.2579999747686088,79.49450549450549
306980.150064625,2.060208993498236,1.2655409518629313,79.49450549450549
306980.183909708,2.0923750125803053,1.2704579858109355,79.49450549450549
306980.218268,1.9413749687373638,1.3194589992053807,79.49450549450549
306980.252637125,1.9819160224869847,1.2687919661402702,79.49450549450549
306980.286377083,1.8615410081110895,1.2897920096293092,79.49450549450549
306980.320197625,1.915458997245878,1.244832994416356,79.49450549450549
306980.353714083,1.9347919733263552,1.262833015061915,79.49450549450549
306980.387715958,1.9572500023059547,1.2710000155493617,79.49450549450549
306980.42116775,1.8329579615965486,1.2955830316059291,79.49450549450549
306980.455286291,1.9851669785566628,1.2886670301668346,79.49450549450549
306980.489350125,1.8280840013176203,1.2950830277986825,79.49450549450549
306980.523079125,2.15516600292176,1.2927920324727893,79.49450549450549
306980.557447416,2.1027090260758996,1.2879159767180681,79.49450549450549
306980.591012708,2.1727500134147704,1.304791949223727,79.49450549450549
306980.625396041,2.860124979633838,1.292124972678721,79.49450549450549
306980.658875916,2.551292011048645,1.2499159784056246,79.48568960336539
306980.693202583,2.4437499814666808,1.282416982576251,79.47687371222528
306980.727568666,2.074333024211228,1.2883339659310877,79.46805782108518
306980.761931083,1.8950420198962092,1.3174579944461584,79.45924192994508
306980.795989958,1.9421660108491778,1.2270419974811375,79.45042603880498
306980.829682958,1.981290988624096,1.314709021244198,79.44161014766487
306980.863549041,2.016166050452739,1.2734999763779342,79.44161014766487
306980.897491875,1.9124169484712183,1.2696670019067824,79.44161014766487
306980.931861583,1.9193749758414924,1.2716660276055336,79.49450549450549
306980.96615925,1.991166966035962,1.2935000122524798,79.49450549450549
306981.00057675,1.902042014990002,1.3513329904526472,79.49450549450549
306981.034952583,1.9012910197488964,1.2981669860891998,79.49450549450549
306981.069313583,1.9751249928958714,1.256333023775369,79.49450549450549
306981.103014791,1.8621250055730343,1.2829999905079603,79.49450549450549
306981.137412916,2.1524999756366014,1.3292090152390301,79.49450549450549
306981.171773166,2.078833000268787,1.263583020772785,79.49450549450549
306981.205661125,2.0199999562464654,1.2645000242628157,79.49450549450549
306981.240031125,2.050250011961907,1.2750419555231929,79.49450549450549
306981.273512583,1.9344589672982693,1.2780000106431544,79.49450549450549
306981.307881041,2.0957920351065695,1.27233297098428,79.49450549450549
306981.342203,1.8591249827295542,1.3413330307230353,79.49450549450549
306981.376582875,2.0611670333892107,1.245874969754368,79.49450549450549
306981.410951583,2.0567499450407922,1.2869580532424152,79.49450549450549
306981.445302291,1.2568749953061342,1.204291998874396,79.49450549450549
306981.47965575,1.2565000215545297,1.229457964655012,79.49450549450549
306981.513998333,1.2860000133514404,1.2552079861052334,79.49450549450549
306981.548358375,1.368874975014478,1.2816250091418624,79.49450549450549
306981.582715791,1.3686669990420341,1.247707987204194,79.49450549450549
306981.617094583,1.5843750443309546,1.2369590112939477,79.49450549450549
306981.6514545,1.6815830022096634,1.236792013514787,79.49450549450549
306981.685569083,1.348291989415884,1.217625045683235,79.49450549450549
306981.719912541,1.3325000181794167,1.257041993085295,79.49450549450549
306981.754266791,1.3075830065645278,1.214000047184527,79.49450549450549
306981.788623375,1.2862500152550638,1.2611659476533532,79.49450549450549
306981.822976708,1.3899580226279795,1.2604169896803796,79.49450549450549
306981.857333416,1.4064580318517983,1.275791961234063,79.49450549450549
306981.891701916,1.662165974266827,1.2613339931704104,79.49450549450549
306981.926071541,1.6476670280098915,1.2627079850062728,79.49450549450549
306981.960426875,1.8356659566052258,1.2414170196279883,79.49450549450549
306981.994794583,1.8527079955674708,1.2682920205406845,79.49450549450549
306982.028481333,1.8602909985929728,1.3019590405747294,79.49450549450549
306982.062859958,1.7876249621622264,1.2898750137537718,79.49450549450549
306982.097224208,2.043750020675361,1.3972919550724328,79.49450549450549
306982.131588291,2.273209043778479,1.258790958672762,79.49450549450549
306982.165878291,1.880750001873821,1.2745000422000885,79.49450549450549
306982.2002485,1.8610840197652578,1.250165980309248,79.49450549450549
306982.234607083,1.875957997981459,1.2844169978052378,79.49450549450549
306982.268974541,1.988167001400143,1.2478329590521753,79.49450549450549
306982.303344125,2.4187919916585088,1.2555000139400363,79.49450549450549
306982.337705125,2.076708013191819,1.2718330253846943,79.49450549450549
306982.372082666,2.3684159968979657,1.2836669920943677,79.49450549450549
306982.406446875,2.2874170099385083,1.2542500044219196,79.49450549450549
306982.440806458,2.0759999752044678,1.247334002982825,79.49450549450549
306982.4751735,2.0716669969260693,1.2456660042516887,79.49450549450549
306982.509551208,1.9021250191144645,1.2898749555461109,79.49450549450549
306982.543919125,2.102374972309917,1.2645000242628157,79.49450549450549
306982.578284541,2.0675829728133976,1.275499991606921,79.49450549450549
306982.612665541,1.9940000493079424,1.2724580010399222,79.49450549450549
306982.647030625,1.926333992742002,1.2748330482281744,79.49450549450549
306982.680543583,2.0895409979857504,1.2723749969154596,79.48568960336539
306982.714922416,2.0220419974066317,1.2749159941449761,79.39068670587224
306982.749289,1.911166007630527,1.2630840064957738,79.16640329884959
306982.7831115,1.4259170275181532,1.2633749865926802,78.84731418483861
306982.8172335,1.448208000510931,1.2662080116569996,78.39032586066278
306982.851607625,1.7129579791799188,1.2595420121215284,77.82991312886332
306982.885967541,1.8066249904222786,1.261750003322959,77.10574508499315
306982.9203355,1.929249963723123,1.2985410285182297,76.2264404296875
306982.954704125,1.856583054177463,1.258416974451393,75.22647396548763
306982.989072958,1.9482080242596567,1.270833017770201,74.29545710637018
306983.023446333,2.0076249493286014,1.274125010240823,73.51957685868817
306983.05689675,2.0288749947212636,1.2660830398090184,72.91607062371222
306983.091263041,2.0180830033496022,1.3358750147745013,72.55388800652472
306983.125687458,1.9067919929511845,1.2910409714095294,72.55388800652472
306983.160053,1.9477920141071081,1.2774579809047282,72.6575431404533
306983.19441375,1.9037500023841858,1.3289590133354068,72.95080968835853
306983.228789833,1.65049999486655,1.3404579949565232,73.53711205786402
306983.263142375,1.485167013015598,1.282416982576251,74.51987465659343
306983.297491333,1.2409170158207417,1.2015000102110207,75.51987465659343
306983.331859541,1.2670409632846713,1.236042007803917,76.51987465659343
306983.366204166,1.2406670139171183,1.2660420034080744,77.21822013435786
306983.400564708,1.296541013289243,1.3116669724695385,77.5631988860749
306983.434729125,1.2695409823209047,1.2048750068061054,77.5631988860749
306983.469075,1.4004159602336586,1.2923750327900052,77.5285268930289
306983.5034525,1.7609999631531537,1.278042036574334,77.37319309108864
306983.537815291,1.810584042686969,1.260290970094502,77.19200318724248
306983.57220975,1.7840410000644624,1.2893749517388642,77.01081328339632
306983.606605958,1.7984579899348319,1.2384579749777913,76.83824208018547
306983.640097791,1.8517079879529774,1.243292004801333,76.6570521763393
306983.67402825,1.8518749857321382,1.282750046811998,76.48448097312846
306983.708405416,1.786750042811036,1.2616249732673168,76.3291471711882
306983.741874583,1.7800419591367245,1.2678329949267209,76.17381336924794
306983.775867583,1.842666999436915,1.2482909951359034,76.01847956730768
306983.809446125,1.7859169747680426,1.323375036008656,75.89762056790863
306983.843500958,1.8707079580053687,1.3018750469200313,75.82847377232142
306983.877856583,1.849207968916744,1.2560420436784625,75.82847377232142
306983.911387125,1.9216249929741025,1.255250012036413,75.82847377232142
306983.945741166,1.8487090128473938,1.2329159653745592,75.82847377232142
306983.979355875,1.9174999906681478,1.2622920330613852,75.82847377232142
306984.013711666,1.8515420379117131,1.3121669762767851,75.82847377232142
306984.048079166,1.8870839849114418,1.2796660303138196,75.82847377232142
306984.08227425,1.9420000026002526,1.2761250254698098,75.82847377232142
306984.116336333,1.9307499751448631,1.2640420463867486,75.82847377232142
306984.149826083,1.9080839701928198,1.272958004847169,75.82847377232142
306984.184249166,1.9719170522876084,1.2625419767573476,75.82847377232142
306984.218608458,1.928917015902698,1.2679999927058816,75.82847377232142
306984.252583625,2.052374999038875,1.2923339963890612,75.82847377232142
306984.286950208,2.0115000079385936,1.2424580054357648,75.82847377232142
306984.3213195,1.9674170180223882,1.299833005759865,75.82870449862637
306984.355632166,2.0346249802969396,1.272750028874725,75.82893522493131
306984.390003458,2.1418749820441008,1.2579170288518071,75.83778465187157
306984.423669916,1.9489160040393472,1.2593750143423676,75.83778465187157
306984.458027083,1.9288750481791794,1.2894999817945063,75.83778465187157
306984.491414083,1.9822499598376453,1.2519160518422723,75.83778465187157
306984.525565916,1.9464170327410102,1.2582910130731761,75.83778465187157
306984.559886125,2.036416030023247,1.2767500011250377,75.83778465187157
306984.59403925,2.015582984313369,1.2995420256629586,75.83778465187157
306984.628401666,2.0270830136723816,1.2621249770745635,75.83778465187157
306984.662100375,1.8798339879140258,1.2758750235661864,75.83778465187157
306984.696466541,2.1172499982640147,1.3393749832175672,75.83778465187157
306984.730381958,1.8527500214986503,1.4222079771570861,75.83778465187157
306984.764079041,1.9051670096814632,1.2641249923035502,75.83778465187157
306984.798443208,1.975832972675562,1.2587920064106584,75.83778465187157
306984.832817708,2.3660000297240913,1.2617919710464776,75.83778465187157
306984.867165291,2.0044170087203383,1.259916985873133,75.83778465187157
306984.900585833,2.374958014115691,1.2790000182576478,75.83778465187157
306984.934946916,2.158207993488759,1.256708987057209,75.83778465187157
306984.969311083,2.3684579646214843,1.2906670453958213,75.83778465187157
306985.003061875,1.89670902909711,1.2515829876065254,75.83778465187157
306985.037430166,1.906124991364777,1.2713329633697867,75.83778465187157
306985.07180275,2.029083960223943,1.278416020795703,75.83778465187157
306985.105618166,2.0983340218663216,1.3564999680966139,75.83778465187157
306985.139913666,1.9520840141922235,1.277040981221944,75.83778465187157
306985.174270791,2.012833021581173,1.2716249912045896,75.83778465187157
306985.208640458,1.8939579604193568,1.2439170386642218,75.83778465187157
306985.242229416,2.0332499989308417,1.2801670236513019,75.83778465187157
306985.276596916,2.130792010575533,1.2659169733524323,75.83778465187157
306985.310962958,2.3736669681966305,1.2655419996008277,75.83778465187157
306985.345340541,2.111000008881092,1.270083012059331,75.83778465187157
306985.379108125,2.254541963338852,1.2542500044219196,75.83778465187157
306985.41347775,2.374166972003877,1.335292006842792,75.83778465187157
306985.447387833,1.96749996393919,1.285666017793119,75.83778465187157
306985.481754958,2.2893749992363155,1.2695830082520843,75.83778465187157
306985.516124666,1.920500013511628,1.2529999949038029,75.83778465187157
306985.550489916,2.49104097019881,1.2630419805645943,75.83778465187157
306985.584752333,2.3434170288965106,1.2647499679587781,75.83778465187157
306985.61912225,2.112249960191548,1.2540000025182962,75.83778465187157
306985.653481291,2.0264590275473893,1.2622909853234887,75.83778465187157
306985.687850625,2.110541972797364,1.2691669980995357,75.83778465187157
306985.722211375,2.1600000327453017,1.2826659949496388,75.83778465187157
306985.756093375,2.1795419743284583,1.2687499984167516,75.85525277944711
306985.790453291,2.153084031306207,1.3445409713312984,75.92443311083449
306985.824452875,2.3751670378260314,1.2651659781113267,75.99361344222186
306985.8581795,2.0509579917415977,1.3072920264676213,76.10588727678572
306985.892547125,2.444541023578495,1.3826669892296195,76.36467902214974
306985.92690975,2.699792035855353,1.2953329714946449,76.69242037259616
306985.961299333,2.037124999333173,1.2575830332934856,77.0115430224073
306985.9956685,2.090624999254942,1.2224169913679361,77.33066567221843
306986.029109166,1.9937089527957141,1.2858330155722797,77.64978832202956
306986.063338166,2.1437500254251063,1.2618329492397606,77.9689109718407
306986.09771275,1.8059589783661067,1.2457499979063869,78.32250842419305
306986.131814166,1.2318340013734996,1.2383749708533287,78.68472457718067
306986.166178583,1.3022089842706919,1.247250009328127,79.0469407301683
306986.200532875,1.2905419571325183,1.259208016563207,79.40915688315593
306986.233890041,1.2818750110454857,1.272333029191941,79.49450549450549
306986.268242916,1.3861249899491668,1.254500006325543,79.49450549450549
306986.302588375,1.3337910058908165,1.2665000394918025,79.49450549450549
306986.336959541,1.6525419778190553,1.2594580184668303,79.49450549450549
306986.371324125,1.7744589713402092,1.2575410073623061,79.49450549450549
306986.405686208,2.067958004772663,1.2629579869098961,79.49450549450549
306986.440053,2.2160420194268227,1.2470419751480222,79.49450549450549
306986.473853666,1.9797919667325914,1.3305830070748925,79.49450549450549
306986.507706208,2.0730829564854503,1.2234169989824295,79.49450549450549
306986.542068916,2.102209022268653,1.273708010558039,79.49450549450549
306986.575552916,2.2658330271951854,1.2615839950740337,79.49450549450549
306986.609912666,2.2044169600121677,1.3140829978510737,79.49450549450549
306986.643651041,1.942250004503876,1.2793749920092523,79.49450549450549
306986.677521708,1.4519169926643372,1.2235420290380716,79.49450549450549
306986.711866458,1.2372920173220336,1.261125027667731,79.49450549450549
306986.746222291,1.2220830540172756,1.2512499815784395,79.49450549450549
306986.78058475,1.3200410176068544,1.3064169907011092,79.49450549450549
306986.814937708,1.2967910151928663,1.2578340247273445,79.49450549450549
306986.849290125,1.3907909742556512,1.2924590264447033,79.49450549450549
306986.883666125,1.664666982833296,1.2343749986030161,79.49450549450549
306986.918022958,1.7342499922960997,1.2732080067507923,79.49450549450549
306986.952389375,1.7546660383231938,1.2644999660551548,79.49450549450549
306986.98676625,1.6988339484669268,1.257833035197109,79.49450549450549
306987.020496458,1.78695801878348,1.259625016245991,79.49450549450549
306987.054864625,1.6882920172065496,1.2641659704968333,79.49450549450549
306987.089231208,1.760167011525482,1.24766695080325,79.49450549450549
306987.123589333,1.9634999916888773,1.2950000236742198,79.49450549450549
306987.157239041,1.8939160509034991,1.300541975069791,79.49450549450549
306987.191609375,1.861124997958541,1.2837090180255473,79.49450549450549
306987.225237208,2.1988750086165965,1.392040983773768,79.49450549450549
306987.259613833,2.6142080314457417,1.323999953456223,79.49450549450549
306987.294064208,2.2729170159436762,1.2638330226764083,79.49450549450549
306987.328423958,1.8862909637391567,1.2580000329762697,79.49450549450549
306987.362785708,1.9190000020898879,1.2499999720603228,79.49450549450549
306987.3965185,1.9937080214731395,1.2432080111466348,79.49450549450549
306987.430889833,1.904499949887395,1.2777920346707106,79.49450549450549
306987.465251375,1.9016669830307364,1.258875010535121,79.49450549450549
306987.499615208,1.9785829936154187,1.2557089794427156,79.49450549450549
306987.533598708,1.9840000313706696,1.2605829979293048,79.49450549450549
306987.567277291,1.9042500061914325,1.2699590297415853,79.49450549450549
306987.601648583,2.278416999615729,1.2650000280700624,79.49450549450549
306987.635534,2.4964159820228815,1.249791996087879,79.49450549450549
306987.669898791,1.9695410155691206,1.3262919965200126,79.49450549450549
306987.704266083,2.0115830120630562,1.2565829674713314,79.49450549450549
306987.738634875,1.9731660140678287,1.285750011447817,79.49450549450549
306987.773003208,1.9152919994667172,1.2616250314749777,79.49450549450549
306987.806412,1.948041026480496,1.2757499935105443,79.49450549450549
306987.840778541,1.8570000538602471,1.2968339724466205,79.49450549450549
306987.875146,2.0307079539634287,1.253750000614673,79.49450549450549
306987.909066958,1.9309580093249679,1.278041978366673,79.49450549450549
306987.943381541,1.93033303366974,1.2539169983938336,79.49450549450549
306987.97773325,1.203124993480742,1.2416669633239508,79.49450549450549
306988.012078375,1.3223330024629831,1.2509170337580144,79.49450549450549
306988.04642425,1.2621249770745635,1.2536660069599748,79.49450549450549
306988.080780875,1.2901669833809137,1.2757079675793648,79.49450549450549
306988.115137583,1.3668750179931521,1.2497500283643603,79.49450549450549
306988.149496291,1.4786250540055335,1.2683329987339675,79.49450549450549
306988.183866791,1.7123750294558704,1.2559579918161035,79.49450549450549
306988.217831416,1.6700419946573675,1.3206669827923179,79.49450549450549
306988.252186958,1.7873329925350845,1.2318340013734996,79.49450549450549
306988.286546833,1.6783750033937395,1.262791978660971,79.49450549450549
306988.320914916,1.6978749772533774,1.2399580446071923,79.49450549450549
306988.354510958,1.780790975317359,1.2462090235203505,79.49450549450549
306988.388865625,1.6719999839551747,1.264624996110797,79.49450549450549
306988.423239916,1.8910840153694153,1.2993330019526184,79.49450549450549
306988.457643416,1.7142079886980355,1.332333020400256,79.49450549450549
306988.492019541,1.771707960870117,1.2399170082062483,79.49450549450549
306988.526134083,1.7581249703653157,1.2917499989271164,79.49450549450549
306988.560502583,2.0280000171624124,1.2742499820888042,79.49450549450549
306988.594868791,2.022332977503538,1.244167040567845,79.49450549450549
306988.629236791,1.9268330070190132,1.2491249945014715,79.49450549450549
306988.662711,1.9367079949006438,1.2528750230558217,79.49450549450549
306988.697075208,1.8929580110125244,1.2884169700555503,79.49450549450549
306988.730619958,2.1345840068534017,1.2691660085693002,79.49450549450549
306988.764985416,1.8711250158958137,1.2501670280471444,79.49450549450549
306988.799365625,1.862625009380281,1.286791986785829,79.49450549450549
306988.833725916,1.7909170128405094,1.2644159724004567,79.49450549450549
306988.868098625,1.8429579795338213,1.2677499908022583,79.49450549450549
306988.902465375,2.322459011338651,1.2580829788930714,79.49450549450549
306988.935908583,1.8927910132333636,1.272708992473781,79.49450549450549
306988.97027025,1.9789999932982028,1.2805419974029064,79.49450549450549
306989.004635291,1.883292046841234,1.313874963670969,79.49450549450549
306989.039004291,2.045665984041989,1.2490000226534903,79.49450549450549
306989.073374083,1.8769580055959523,1.2749999877996743,79.49450549450549
306989.107177833,2.025082998443395,1.287457998842001,79.49450549450549
306989.140560958,2.001916989684105,1.2675000471062958,79.49450549450549
306989.174474625,2.722624980378896,1.2679999927058816,79.49450549450549
306989.208842416,2.0690829842351377,1.2989169918000698,79.49450549450549
306989.243245458,2.210417005699128,1.278500014450401,79.49450549450549
306989.27670475,2.8193750185891986,1.277333009056747,79.49450549450549
306989.311274208,1.8685410032048821,1.285291975364089,79.49450549450549
306989.344982416,1.8245420069433749,1.277665956877172,79.49450549450549
306989.379364041,1.984959002584219,1.4299579779617488,79.49450549450549
306989.4137495,1.818167045712471,1.4000419760122895,79.49450549450549
306989.448121958,2.1418749820441008,1.2491250527091324,79.49450549450549
306989.48247925,2.024665998760611,1.2680419604294002,79.49450549450549
306989.516624458,2.326750021893531,1.255250012036413,79.49450549450549
306989.550991625,1.8037909758277237,1.2684999965131283,79.49450549450549
306989.585362625,1.9568330026231706,1.297959010116756,79.49450549450549
306989.619054833,2.0343330106697977,1.2580420006997883,79.49450549450549
306989.653442125,1.9655420328490436,1.2530829990282655,79.49450549450549
306989.68702775,2.247833996079862,1.2459580320864916,79.49450549450549
306989.721393833,2.0281669567339122,1.268708030693233,79.49450549450549
306989.754910375,2.0938749657943845,1.2555000139400363,79.49450549450549
306989.789274375,2.0759160397574306,1.2700000079348683,79.49450549450549
306989.823065208,1.9846669747494161,1.2676669866777956,79.49450549450549
306989.857431375,2.3563329596072435,1.3355829869396985,79.49450549450549
306989.891802083,2.1030829520896077,1.3279170379973948,79.49450549450549
306989.926170875,2.863582980353385,1.1222500470466912,79.49450549450549
306989.960250125,1.9330409704707563,1.2525420170277357,79.49450549450549
306989.9946135,1.867291983217001,1.2637909967452288,79.49450549450549
306990.02897575,1.8442500149831176,1.2621249770745635,79.49450549450549
306990.063325875,1.2130410177633166,1.2062499881722033,79.49450549450549
306990.097677375,1.2607919634319842,1.2735830387100577,79.49450549450549
306990.132032375,1.2114160344935954,1.216834003571421,79.49450549450549
306990.166388708,1.253750000614673,1.2800000258721411,79.49450549450549
306990.200745625,1.4186250045895576,1.2667079572565854,79.49450549450549
306990.235111458,1.5547919902019203,1.2250829604454339,79.49450549450549
306990.26948275,1.79537502117455,1.2420410057529807,79.49450549450549
306990.303599666,1.811667054425925,1.2699579820036888,79.49450549450549
306990.33801675,1.8534999690018594,1.2757920194417238,79.49450549450549
306990.372381875,2.073999959975481,1.2554580462165177,79.49450549450549
306990.406749291,2.0288750529289246,1.2757089571096003,79.49450549450549
306990.441107833,2.0962500129826367,1.2533339904621243,79.49450549450549
306990.47502475,2.391874964814633,1.265708007849753,79.49450549450549
306990.50891475,2.2412079852074385,1.2804580037482083,79.49450549450549
306990.543281041,2.375875017605722,1.3015000149607658,79.49450549450549
306990.577645958,1.8580839969217777,1.2571659754030406,79.49450549450549
306990.611254375,2.27312499191612,1.35162501828745,79.49450549450549
306990.645611375,1.6815419658087194,1.2399579863995314,79.49450549450549
306990.680012625,1.8459169659763575,1.250875007826835,79.49450549450549
306990.714123541,1.9289589836262167,1.3358329888433218,79.49450549450549
306990.748508541,2.0930420141667128,1.2834579683840275,79.49450549450549
306990.781914208,1.959166955202818,1.3063750229775906,79.49450549450549
306990.816286125,2.3131250054575503,1.2693750322796404,79.49450549450549
306990.850649833,1.9907920504920185,1.247582957148552,79.49450549450549
306990.884751,2.1384170395322144,1.2945829657837749,79.49450549450549
306990.91912875,2.2099579800851643,1.2636250467039645,79.49450549450549
306990.953525916,2.007708011660725,1.3262919965200126,79.49450549450549
306990.987905666,2.1746670245192945,1.2564159696921706,79.49450549450549
306991.022281916,1.8130409880541265,1.2714170152321458,79.49450549450549
306991.056659291,1.8378749955445528,1.2359159882180393,79.49450549450549
306991.091030166,1.9209589809179306,1.3150830054655671,79.49450549450549
306991.12539325,1.8469999777153134,2.0859999931417406,79.49450549450549
306991.159753541,1.8397080129943788,1.259583979845047,79.49450549450549
306991.194114708,1.897999958600849,1.2575830332934856,79.49450549450549
306991.22804675,1.9721250282600522,1.2471670052036643,79.49450549450549
306991.261628958,1.9411250250414014,1.259583979845047,79.49450549450549
306991.295986875,1.9785420154221356,1.2984169879928231,79.49450549450549
306991.330332375,1.9581669475883245,1.2527910294011235,79.49450549450549
306991.363738583,1.859417010564357,1.2712909956462681,79.49450549450549
306991.398103208,1.919416943565011,1.3117920025251806,79.49450549450549
306991.432471416,2.332917007151991,1.2413749936968088,79.49450549450549
306991.466408416,1.8956250278279185,1.263250014744699,79.49450549450549
306991.499858375,1.952500024344772,1.2533749686554074,79.49450549450549
306991.534241208,1.3990839943289757,1.2554579880088568,79.49450549450549
306991.568594625,1.4501250116154552,1.3432910200208426,79.49450549450549
306991.602799125,1.639000023715198,1.2441250146366656,79.49450549450549
306991.637191833,1.7490829923190176,1.262584002688527,79.49450549450549
306991.671551416,1.6716250102035701,1.2344170245341957,79.58241758241758
306991.70591,1.3358750147745013,1.254583999980241,79.58241758241758
306991.740265291,1.178415957838297,1.1910420143976808,79.58241758241758
306991.774619375,1.213999988976866,1.2680829968303442,79.58241758241758
306991.808977791,1.335292006842792,1.2568749953061342,79.58241758241758
306991.84332175,1.385499956086278,1.2706250417977571,79.67032967032968
306991.877688958,1.750374969560653,1.2459999998100102,79.67032967032968
306991.911359958,1.379332970827818,1.2101670145057142,79.67032967032968
306991.945705083,1.2559160240925848,1.221209007780999,79.67032967032968
306991.980063583,1.2672500452026725,1.2594169820658863,79.67032967032968
306992.014423083,1.3187910080887377,1.2586669763550162,79.67032967032968
306992.048775583,1.3332919916138053,1.2714159674942493,79.67032967032968
306992.08313325,1.5461659641005099,1.2627090327441692,79.67032967032968
306992.117495291,1.6502499929629266,1.2378329993225634,79.75824175824177
306992.150964375,1.827291038352996,1.2382089626044035,79.75824175824177
306992.185117875,1.8462089938111603,1.2622500071302056,79.75824175824177
306992.219486625,1.8342910334467888,1.2782919802702963,79.84615384615385
306992.252980458,2.326167013961822,1.2502080062404275,79.93406593406594
306992.287358208,1.9178329966962337,1.262791978660971,80.1978021978022
306992.321725208,2.269499993417412,1.2783329584635794,80.37362637362638
306992.355631958,2.0979169639758766,1.2545420322567225,80.37362637362638
306992.389999166,2.4625000078231096,1.2108340160921216,80.37362637362638
306992.424375708,2.3899159859865904,1.261416997294873,80.28571428571429
306992.458141458,1.9613330368883908,1.2737090000882745,80.1978021978022
306992.492234541,2.05875001847744,1.260708027984947,80.1978021978022
306992.52659775,2.3088749730959535,1.2545420322567225,80.10989010989012
306992.560693958,2.3434999748133123,1.2492919922806323,80.10989010989012
306992.594864,2.320166036952287,1.2569169630296528,80.02197802197803
306992.629234,1.9685829756781459,1.267625018954277,80.02197802197803
306992.663283791,1.9883330096490681,1.1402920354157686,79.93406593406594
306992.704917958,1.2859170092269778,1.2264999677427113,79.84615384615385
306992.739279458,1.1887080036103725,1.2205839739181101,79.75824175824177
306992.773643916,1.761999970767647,1.3321660226210952,79.4065934065934
306992.807411541,2.2272089845500886,1.2460409780032933,79.23076923076923
306992.84171975,1.9080839701928198,1.2403749860823154,79.14285714285714
306992.87559125,2.2545840474776924,1.3129579601809382,78.96703296703296
306992.909954375,2.096041978802532,1.2608750257641077,78.96703296703296
306992.944171791,2.0810830174013972,1.2750829919241369,78.96703296703296
306992.977845208,2.2907499806024134,1.2613750295713544,78.96703296703296
306993.012204666,2.3168750340119004,1.243292004801333,78.96703296703296
306993.046571958,2.347292029298842,1.3187499716877937,78.96703296703296
306993.080935541,2.5146250263787806,1.2908750213682652,79.05494505494505
306993.115299291,2.1242499933578074,1.2716669589281082,79.14285714285714
306993.149666166,1.7583750304766,1.253040973097086,79.23076923076923
306993.184036,1.9955000025220215,1.2685840483754873,79.23076923076923
306993.2177635,1.9749159691855311,1.3633340131491423,79.4065934065934
306993.251762375,1.9315839745104313,1.2949579977430403,79.4065934065934
306993.285602458,2.306832990143448,1.275499991606921,79.58241758241758
306993.319524541,2.0872080349363387,1.2528749648481607,79.67032967032968
306993.353012,1.9929580157622695,1.2670829892158508,79.75824175824177
306993.387199666,1.9432079861871898,1.2414170196279883,79.84615384615385
306993.421570416,1.981792040169239,1.2829169863834977,79.84615384615385
306993.4553795,1.9692499772645533,1.2645000242628157,79.84615384615385
306993.489744291,1.7377909971401095,1.2425000313669443,79.84615384615385
306993.523270708,2.3319590254686773,1.2897499836981297,79.84615384615385
306993.557027166,1.9560829969123006,1.2838749680668116,79.84615384615385
306993.591398958,2.206292003393173,1.2834160006605089,79.84615384615385
306993.625193708,2.15516600292176,1.2794589856639504,79.84615384615385
306993.659566875,2.7756670024245977,1.151332980953157,79.84615384615385
306993.693968458,2.0259589655324817,1.2891660444438457,79.84615384615385
306993.727682208,2.2106250398792326,1.2686249683611095,79.84615384615385
306993.76204625,1.9108750275336206,1.2913329992443323,79.84615384615385
306993.796021083,2.096832962706685,1.2604169896803796,79.84615384615385
306993.830174208,2.106625004671514,1.3162919785827398,79.84615384615385
306993.864547625,2.0195830147713423,1.2779999524354935,79.84615384615385
306993.8989185,1.9471659907139838,1.2334590428508818,79.84615384615385
306993.93329175,2.0055000204592943,1.2782919802702963,79.84615384615385
306993.967661,1.9157080096192658,1.340624992735684,79.84615384615385
306994.001686083,2.1667080000042915,1.3078750343993306,79.84615384615385
306994.036051333,2.165542042348534,1.2674579629674554,79.84615384615385
306994.069590833,2.0337500027380884,1.3443749630823731,79.84615384615385
306994.103962958,2.2053749999031425,1.2732500326819718,79.84615384615385
306994.137908333,1.9588750437833369,1.3181249960325658,79.84615384615385
306994.17228025,2.162333985324949,1.2866249890066683,79.84615384615385
306994.206653708,2.253916987683624,1.2436670367605984,79.84615384615385
306994.241026958,2.047875022981316,1.271124987397343,79.84615384615385
306994.275396166,2.032624965067953,1.2644160306081176,79.84615384615385
306994.30976925,2.3280419991351664,1.2529999949038029,79.84615384615385
306994.344155458,2.038540958892554,1.3284999877214432,79.84615384615385
306994.378534541,2.098499971907586,1.2559579918161035,79.84615384615385
306994.41199575,1.9512090366333723,1.2807499733753502,79.84615384615385
306994.446085,1.9167499849572778,1.2880410067737103,79.84615384615385
306994.479650375,1.7376670148223639,1.2594159925356507,79.84615384615385
306994.514013208,1.965042029041797,1.285624981392175,79.84615384615385
306994.5483855,1.9092090078629553,1.2807080056518316,79.84615384615385
306994.5821815,1.9900419865734875,1.2690830044448376,79.84615384615385
306994.615911333,1.971208956092596,1.2720830272883177,79.84615384615385
306994.650277833,2.0087090088054538,1.278415962588042,79.84615384615385
306994.684292416,1.243000035174191,1.208874979056418,79.84615384615385
306994.718657666,1.2170830159448087,1.2162919738329947,79.84615384615385
306994.753017333,1.3486670213751495,1.255165960174054,79.84615384615385
306994.787373583,1.2996669975109398,1.253416994586587,79.84615384615385
306994.821719291,1.3166670105420053,1.265375001821667,79.84615384615385
306994.856075291,1.3907499960623682,1.309207989834249,79.84615384615385
306994.890452666,1.646250020712614,1.2606250238604844,79.84615384615385
306994.924817791,1.897041976917535,1.2557920417748392,79.93406593406594
306994.959174166,2.0254580304026604,1.2580420006997883,79.93406593406594
306994.993542666,2.29741696966812,1.2742910184897482,79.93406593406594
306995.027472958,1.8551659886725247,1.2494170223362744,79.93406593406594
306995.061235333,1.8150829710066319,1.2561249895952642,79.93406593406594
306995.095614041,2.047209010925144,1.2648329720832407,79.93406593406594
306995.129260708,2.0212920499034226,1.2717499630525708,79.93406593406594
306995.163638083,2.1227499819360673,1.3411670224741101,79.93406593406594
306995.197930708,1.990417018532753,1.273999980185181,79.93406593406594
306995.232298208,1.9188330043107271,1.2669169809669256,79.93406593406594
306995.266665666,1.9369589863345027,1.2654999736696482,79.93406593406594
306995.300347083,2.1032500080764294,1.2521250173449516,79.93406593406594
306995.334717416,1.994666992686689,1.2684580287896097,79.84615384615385
306995.368609291,2.197875001002103,1.2725830310955644,79.84615384615385
306995.402975875,2.303042041603476,1.2525829952210188,79.84615384615385
306995.437349083,2.394000010099262,1.343540963716805,79.84615384615385
306995.471721875,2.0925410208292305,1.287874998524785,79.84615384615385
306995.505510791,1.9673340138979256,1.262540987227112,79.84615384615385
306995.539151833,2.028083021286875,1.268541964236647,79.84615384615385
306995.572549,2.074083953630179,1.2787500163540244,79.84615384615385
306995.606915833,2.329415990971029,1.2579589965753257,79.84615384615385
306995.641279083,2.491957973688841,1.3332090456970036,79.84615384615385
306995.675226125,2.12283298606053,1.2580829788930714,79.84615384615385
306995.709109125,2.4121669703163207,1.2657500337809324,79.84615384615385
306995.743033041,1.940875023137778,1.2485000188462436,79.84615384615385
306995.776431833,2.461666997987777,1.271166023798287,79.84615384615385
306995.810433625,2.3359170299954712,1.3246669550426304,79.84615384615385
306995.844797625,2.063209016341716,1.3219579705037177,79.84615384615385
306995.878460208,2.0910840248689055,1.2597499880939722,79.84615384615385
306995.911831958,2.1667919936589897,1.263916026800871,79.84615384615385
306995.945978541,2.326333022210747,1.2602920178323984,79.84615384615385
306995.980344291,2.421459008473903,1.2845409801229835,79.84615384615385
306996.014336583,2.09741696016863,1.2794580543413758,79.84615384615385
306996.048700708,2.1936249686405063,1.257083029486239,79.84615384615385
306996.083078458,1.9908749964088202,1.260708027984947,79.84615384615385
306996.117275875,1.7865420086309314,1.246207975782454,79.84615384615385
306996.15169275,1.839500037021935,1.2556669535115361,79.84615384615385
306996.186053916,2.068999980110675,1.2788749882020056,79.84615384615385
306996.219551208,1.9501660135574639,1.2793340138159692,79.84615384615385
306996.253015375,2.0577500108629465,1.2594580184668303,79.84615384615385
306996.287385208,2.0021249656565487,1.2565000215545297,79.84615384615385
306996.321752708,2.196375047788024,1.2724580010399222,79.84615384615385
306996.355485583,2.1692500449717045,1.3212079647928476,79.84615384615385
306996.3898525,2.1439589909277856,1.2734999763779342,79.84615384615385
306996.424224958,1.9670419860631227,1.260792021639645,79.84615384615385
306996.45859075,2.8525839443318546,1.2899580178782344,79.84615384615385
306996.492260875,2.0872079767286777,1.2989169918000698,79.84615384615385
306996.526309208,2.129875007085502,1.2712499592453241,79.84615384615385
306996.559764,1.2510419473983347,1.2218330521136522,79.84615384615385
306996.594110041,1.2019579880870879,1.2509999796748161,79.84615384615385
306996.628464583,1.231833011843264,1.263958984054625,79.84615384615385
306996.662816583,1.3635840150527656,1.2404159642755985,79.84615384615385
306996.697160375,1.2415419914759696,1.232790993526578,79.84615384615385
306996.731520166,1.240790996234864,1.2142499908804893,79.84615384615385
306996.765862916,1.2180409976281226,1.2686250265687704,79.84615384615385
306996.800215625,1.269458036404103,1.2745839776471257,79.84615384615385
306996.834568375,1.346833014395088,1.2747920118272305,79.84615384615385
306996.868945166,1.654874999076128,1.2436670367605984,79.84615384615385
306996.903311291,1.8741250387392938,1.23104196973145,79.84615384615385
306996.937671125,1.8079589935950935,1.2937909923493862,79.93406593406594
306996.972032708,1.6963750240392983,1.2473330134525895,79.93406593406594
306997.006389375,1.6442089690826833,1.2860000133514404,79.93406593406594
306997.040768958,2.3482919787056744,1.2695830082520843,79.93406593406594
306997.074601416,2.323749999050051,1.2583329807966948,79.93406593406594
306997.108916375,2.5573750026524067,1.2721670209430158,79.93406593406594
306997.143214708,2.121749974321574,1.2622920330613852,79.93406593406594
306997.177208541,1.97275000391528,1.2713749893009663,79.93406593406594
306997.2115765,2.6037500356324017,1.2737499782815576,79.93406593406594
306997.245111458,1.876374997664243,1.2228749692440033,79.93406593406594
306997.279480625,1.9845839706249535,1.2547500082291663,79.93406593406594
306997.313735291,1.8852080102078617,1.2725840206258,79.93406593406594
306997.347543875,2.262707974296063,1.2637500185519457,79.93406593406594
306997.381903041,1.925000047776848,1.2711669551208615,79.93406593406594
306997.4160435,2.254166000057012,1.2736670323647559,79.93406593406594
306997.450420666,1.862292003352195,1.2483749887906015,79.93406593406594
306997.484042958,2.1035000099800527,1.2415419914759696,79.93406593406594
306997.518408666,2.391124959103763,1.2537920265458524,79.93406593406594
306997.552777666,1.8464580061845481,1.2772920308634639,79.93406593406594
306997.587156416,2.3848750279285014,1.2473749811761081,79.93406593406594
306997.621556125,1.8163329805247486,1.2482080492191017,79.93406593406594
306997.655931416,2.019000006839633,1.2565000215545297,79.93406593406594
306997.690301666,1.9807080389000475,1.3001670013181865,79.93406593406594
306997.72467025,2.5904999929480255,1.15612504305318,79.84615384615385
306997.758912958,2.4080409784801304,1.2866249890066683,79.84615384615385
306997.793276625,2.5577909545972943,1.2738340301439166,79.84615384615385
306997.826871791,2.788082987535745,1.3069169945083559,79.84615384615385
306997.860414083,2.194874978158623,1.2366250157356262,79.84615384615385
306997.894770208,1.8413339857943356,1.283208024688065,79.84615384615385
306997.929045041,1.9968750420957804,1.2632919824682176,79.84615384615385
306997.96341825,1.909750048071146,1.262458972632885,79.84615384615385
306997.99777825,1.8837500247173011,1.277333009056747,79.84615384615385
306998.032143583,1.9752910011447966,1.2682920205406845,79.84615384615385
306998.065531083,2.0907919970341027,1.2535830028355122,79.84615384615385
306998.099886833,1.8495410331524909,1.2541249743662775,79.84615384615385
306998.133468333,2.0111670019105077,1.2559579918161035,79.84615384615385
306998.167839666,1.9096670439466834,1.2874999665655196,79.84615384615385
306998.202208,1.8176669836975634,1.2932910467498004,79.84615384615385
306998.235639875,1.8694170285016298,1.2762079713866115,79.84615384615385
306998.269027583,2.2792500094510615,1.2383749708533287,79.84615384615385
306998.302798375,2.188290993217379,1.2481670128181577,79.84615384615385
306998.336353666,2.334207994863391,1.3464579824358225,79.84615384615385
306998.370711541,1.9573339959606528,1.2907080235891044,79.84615384615385
306998.405091875,1.9782499875873327,1.3172500184737146,79.84615384615385
306998.439456833,2.070374961476773,1.272000023163855,79.84615384615385
306998.473810583,1.214709016494453,1.2030409998260438,79.84615384615385
306998.508181625,1.2743750121444464,1.2480420409701765,79.84615384615385
306998.542545291,1.2560829636640847,1.260792021639645,79.84615384615385
